"","UNITID","INSTNM","STABBR","UGDS_MEN","UGDS_WOMEN","UGDS_WHITE","UGDS_BLACK","UGDS_HISP","UGDS_ASIAN","UGDS_AIAN","UGDS_NHPI","UGDS_2MOR","FIRST_GEN","MARRIED","CITY","ZIP","CONTROL","PCTFLOAN","HIGHDEG","PREDDEG","ICLEVEL","DEBT_MDN","MN_EARN_WNE_P10"
"193",108232,"Academy of Art University","CA","0.4342","0.5658","0.2392","0.0685","0.1141","0.0804","0.0051","0.0058","0.0249","0.3810349096","0.1439344969","San Francisco","94105",3,"0.5524",4,3,1,"14750","44900"
"194",108250,"ITT Technical Institute-Rancho Cordova","CA","0.724","0.276","0.472","0.114","0.11","0.076","0.008","0.002","0.04","0.4972857507","0.2337406569","Rancho Cordova","95670-6034",3,"0.7667",3,2,1,"13566","42800"
"196",108348,"The Academy of Radio and TV Broadcasting","CA","0.5714","0.4286","0.2143","0.4286","0.3571","0","0","0","0","0.5913043478","0.1911764706","Huntington Beach","92647",3,"1",1,1,3,"9500","30800"
"197",108649,"Avalon School of Cosmetology-Alameda","CA","0.0395","0.9605","0.1265","0.4743","0.2253","0.0672","0.0079","0","0.0553","0.4162679426","0.0695970696","Alameda","94501",3,"0.6768",1,1,3,"6333","24900"
"198",108667,"College of Alameda","CA","0.4484","0.5516","0.1529","0.2128","0.2196","0.3021","0.0037","0.0041","0.0473","0.55898654","0.1285390713","Alameda","94501",1,"0.0117",2,2,2,"6750","36400"
"199",108807,"Allan Hancock College","CA","0.4901","0.5099","0.3565","0.0279","0.5287","0.0418","0.007","0.0043","0.0312","0.6184861164","0.1165644172","Santa Maria","93454-6399",1,"0.0231",2,2,2,"6000","33900"
"204",109040,"American Career College-Los Angeles","CA","0.2188","0.7812","0.0484","0.1494","0.6454","0.0694","0.0043","0.0081","0.0632","0.5788822948","0.1301510989","Los Angeles","90004",3,"0.6497",2,1,2,"9500","32900"
"206",109208,"American River College","CA","0.4622","0.5378","0.4695","0.0989","0.2063","0.1063","0.0076","0.0085","0.0587","0.5227272727","0.1603135402","Sacramento","95841-4286",1,"0.056",2,1,2,"6913","34800"
"207",109350,"Antelope Valley College","CA","0.4098","0.5902","0.2401","0.2008","0.4601","0.0323","0.0041","0.0014","0.0475","0.5823882588","0.1031746032","Lancaster","93536-5426",1,"0.151",2,2,2,"8042","33100"
"208",109651,"Art Center College of Design","CA","0.5044","0.4956","0.2001","0.0116","0.1097","0.3484","0.0022","0.0033","0.0436","0.2323943662","0.041736227","Pasadena","91103",2,"0.4929",4,3,1,"30000","60800"
"209",109721,"Associated Technical College-Los Angeles","CA","0.482","0.518","0.097","0.4377","0.385","0.0166","0.0111","0.0055","0.036","0.5928961749","0.1450381679","Los Angeles","90017-1604",3,"0.3682",1,1,3,"6500","28100"
"210",109730,"Associated Technical College-San Diego","CA","0.8319","0.1681","0.2353","0.3193","0.4454","0","0","0","0","0.56","0.1049562682","San Diego","92101",3,"0.8579",1,1,3,"7000","21900"
"211",109785,"Azusa Pacific University","CA","0.3535","0.6465","0.4714","0.0448","0.2614","0.0912","0.0019","0.0095","0.0738","0.3616438356","0.1867158672","Azusa","91702-7000",2,"0.5172",4,3,1,"18500","53300"
"212",109819,"Bakersfield College","CA","0.442","0.558","0.2298","0.04","0.6473","0.0377","0.0042","0.0011","0.032","0.6388429752","0.0887928966","Bakersfield","93305-1299",1,"0.0328",2,2,2,"7750","34900"
"214",109934,"Bellus Academy-National City","CA","0.0734","0.9266","0.1073","0.1299","0.6045","0.0678","0.0169","0.0113","0.0621","0.5614973262","0.188","National City","91950",3,"0.6755",1,1,2,"12630","19300"
"216",110097,"Biola University","CA","0.3728","0.6272","0.5165","0.0209","0.1829","0.1613","0.0014","0.003","0.0648","0.2175015853","0.0131108462","La Mirada","90639-0001",2,"0.6176",4,3,1,"19500","46700"
"218",110194,"Brownson Technical School","CA","1","0","0.1739","0.0652","0.5435","0.1957","0","0","0","0.6431718062","0.2789115646","Anaheim","92805",3,"0.8013",1,1,3,"9392","42600"
"219",110219,"Bryan University","CA","0.324","0.676","0.5355","0.21","0.1337","0.0181","0.0083","0.0076","0.0823","0.506246282","0.2961890979","Los Angeles","90010",3,"0.7468",4,2,1,"9058","43500"
"220",110246,"Butte College","CA","0.4764","0.5236","0.6006","0.0257","0.1916","0.0547","0.017","0.0046","0.021","0.5041250543","0.1058274252","Oroville","95965-8399",1,"0.1223",2,1,2,"7911","35800"
"223",110334,"Cabrillo College","CA","0.482","0.518","0.5089","0.0127","0.3677","0.0333","0.0045","0.002","0.0471","0.4946703514","0.0829548895","Aptos","95003",1,"0.0317",2,2,2,"8000","40500"
"224",110361,"California Baptist University","CA","0.3672","0.6328","0.4068","0.0774","0.3225","0.048","0.0065","0.0106","0.0514","0.4110840438","0.132455669","Riverside","92504-3297",2,"0.7711",4,3,1,"20000","43800"
"225",110370,"California College of the Arts","CA","0.381","0.619","0.2917","0.039","0.1349","0.162","0.0033","0.0119","0","0.247826087","0.0404040404","San Francisco","94107-2247",2,"0.5273",4,3,1,"22549","45500"
"228",110413,"California Lutheran University","CA","0.4437","0.5563","0.5098","0.0432","0.2547","0.0657","0.0114","0.0057","0.0272","0.304099142","0.045178106","Thousand Oaks","91360-2787",2,"0.5765",4,3,1,"19000","55500"
"229",110422,"California Polytechnic State University-San Luis Obispo","CA","0.5409","0.4591","0.5872","0.007","0.1516","0.1185","0.0016","0.002","0.0703","0.2634491919","0.0111754967","San Luis Obispo","93407",1,"0.3391",4,3,1,"16500","67400"
"230",110468,"Alliant International University-San Diego","CA","0.411","0.589","0.2161","0.1102","0.3263","0.0212","0","0","0.0254","0.3795712484","0.1822222222","San Diego","92131",2,"0.1592",4,1,1,"3000","60600"
"231",110486,"California State University-Bakersfield","CA","0.3892","0.6108","0.1835","0.0638","0.5186","0.0678","0.006","0.0007","0.028","0.5885152284","0.0802683897","Bakersfield","93311-1099",1,"0.4069",4,3,1,"11000","47700"
"232",110495,"California State University-Stanislaus","CA","0.3582","0.6418","0.2585","0.0246","0.475","0.1121","0.0043","0.0073","0.0363","0.5922123894","0.0760466349","Turlock","95382-0299",1,"0.3966",4,3,1,"12750","45100"
"233",110510,"California State University-San Bernardino","CA","0.3876","0.6124","0.1588","0.0653","0.5831","0.0605","0.0016","0.0024","0.0259","0.6048401343","0.062838119","San Bernardino","92407-2397",1,"0.4476",4,3,1,"14657.5","46100"
"234",110529,"California State Polytechnic University-Pomona","CA","0.563","0.437","0.2023","0.0329","0.3864","0.2459","0.0019","0.0024","0.0397","0.4800781837","0.0386630082","Pomona","91768",1,"0.3963",4,3,1,"15000","54400"
"235",110538,"California State University-Chico","CA","0.4785","0.5215","0.4917","0.0213","0.2627","0.0592","0.0057","0.0015","0.0497","0.4521233974","0.0617220801","Chico","95929-0150",1,"0.459",4,3,1,"14500","50300"
"236",110547,"California State University-Dominguez Hills","CA","0.363","0.637","0.0835","0.1472","0.5732","0.0956","0.0018","0.0034","0.0274","0.5768188451","0.0816264139","Carson","90747-0005",1,"0.3827",4,3,1,"13250","45400"
"237",110556,"California State University-Fresno","CA","0.4276","0.5724","0.231","0.0353","0.4541","0.1518","0.0032","0.0024","0.0303","0.5243882936","0.0579097658","Fresno","93740",1,"0.3316",4,3,1,"13000","46600"
"238",110565,"California State University-Fullerton","CA","0.4472","0.5528","0.2397","0.0205","0.3857","0.2158","0.0018","0.0021","0.0423","0.4875980496","0.0593089221","Fullerton","92831-3599",1,"0.3308",4,3,1,"12500","49000"
"239",110574,"California State University-East Bay","CA","0.3782","0.6218","0.1725","0.1088","0.2831","0.2378","0.0019","0.0108","0.056","0.50269179","0.0795760733","Hayward","94542",1,"0.3865",4,3,1,"12500","55000"
"240",110583,"California State University-Long Beach","CA","0.4361","0.5639","0.1998","0.038","0.3791","0.2318","0.005","0.0039","0.0458","0.4808894354","0.042041292","Long Beach","90840-0115",1,"0.3907",4,3,1,"13750","50400"
"241",110592,"California State University-Los Angeles","CA","0.4153","0.5847","0.0757","0.0423","0.6083","0.1581","0.001","0.0024","0.0173","0.6319205298","0.0513557536","Los Angeles","90032",1,"0.3605",4,3,1,"11402","46100"
"242",110608,"California State University-Northridge","CA","0.4587","0.5413","0.2446","0.0566","0.4181","0.1125","0.0015","0.0021","0.0331","0.5370760037","0.0419749853","Northridge","91330",1,"0.3438",4,3,1,"11509","47100"
"243",110617,"California State University-Sacramento","CA","0.4366","0.5634","0.3028","0.0567","0.276","0.2112","0.0041","0.0091","0.0628","0.4887604367","0.0762653899","Sacramento","95819-2694",1,"0.3994",4,3,1,"13479","49900"
"244",110635,"University of California-Berkeley","CA","0.4788","0.5212","0.2758","0.0209","0.1384","0.3509","0.0016","0.0027","0.0471","0.3648559126","0.0253479853","Berkeley","94720",1,"0.2698",4,3,1,"13597","74000"
"245",110644,"University of California-Davis","CA","0.4238","0.5762","0.2967","0.0209","0.1834","0.342","0.0017","0.0049","0.0539","0.4136546185","0.0246010638","Davis","95616-8678",1,"0.4191",4,3,1,"12999","66000"
"246",110653,"University of California-Irvine","CA","0.461","0.539","0.1607","0.0178","0.2399","0.4071","0.0005","0.0041","0.041","0.4675324675","0.0148425108","Irvine","92697",1,"0.4349",4,3,1,"15000","60600"
"247",110662,"University of California-Los Angeles","CA","0.4432","0.5568","0.2784","0.0279","0.1964","0.2997","0.0014","0.0032","0.0476","0.3685678427","0.0178357673","Los Angeles","90095-1405",1,"0.3626",4,3,1,"15000","72600"
"248",110671,"University of California-Riverside","CA","0.4831","0.5169","0.1384","0.0453","0.3616","0.3595","0.0018","0.0037","0.0382","0.4472586873","0.0146755922","Riverside","92521",1,"0.5538",4,3,1,"17000","51100"
"249",110680,"University of California-San Diego","CA","0.5249","0.4751","0.2247","0.0117","0.1623","0.3849","0.0013","0.0034","0.0475","0.4044755671","0.0179656896","La Jolla","92093",1,"0.4124",4,3,1,"17382.5","69400"
"251",110705,"University of California-Santa Barbara","CA","0.4746","0.5254","0.3654","0.0214","0.2534","0.1903","0.0011","0.001","0.0842","0.4173897325","0.0049953169","Santa Barbara","93106",1,"0.423",4,3,1,"14500","58200"
"252",110714,"University of California-Santa Cruz","CA","0.4722","0.5278","0.3465","0.0196","0.3155","0.2035","0.0015","0.0017","0.074","0.3845369237","0.0106086957","Santa Cruz","95064-1011",1,"0.5458",4,3,1,"16500","49300"
"256",111009,"Le Cordon Bleu College of Culinary Arts-San Francisco","CA","0.5543","0.4457","0.0317","0.009","0.0113","0.0271","0.0045","0.0023","0.0113","0.4093567251","0.1521197007","San Francisco","94103",3,"0.5358",2,1,2,"9500","40100"
"257",111054,"California Hair Design Academy","CA","0.2205","0.7795","0.2462","0.0769","0.5949","0.0359","0","0","0.0308","0.5201793722","0.2304964539","La Mesa","91941-5055",3,"0.5446",1,1,3,"6333","21600"
"259",111188,"The California Maritime Academy","CA","0.8606","0.1394","0.5435","0.0181","0.171","0.0888","0.0029","0.0038","0.1051","0.2549019608","0.0306122449","Vallejo","94590",1,"0.5895",4,3,1,"21000","89600"
"261",111434,"Canada College","CA","0.353","0.647","0.2808","0.0387","0.4605","0.1243","0.0025","0.0158","0.0348","0.6212121212","0.1166509878","Redwood City","94061-1099",1,"0.013",2,1,2,"6000","36800"
"262",111461,"College of the Canyons","CA","0.4931","0.5069","0.3583","0.0454","0.4553","0.0798","0.0019","0.0018","0.0455","0.5172413793","0.0863800723","Santa Clarita","91355-1899",1,"0.0357",2,2,2,"5500","42900"
"263",111513,"Career Academy of Beauty","CA","0.0064","0.9936","0.5287","0.0255","0.2994","0.1146","0","0.0127","0","0.5","0.1877729258","Garden Grove","92845",3,"0.5563",1,1,3,"6333","25100"
"264",111638,"Casa Loma College-Van Nuys","CA","0.2668","0.7332","0.2197","0.1435","0.4888","0.1368","0","0.0022","0.0067","0.5059382423","0.152854512","Van Nuys","91405",2,"0.7281",2,1,2,"14820","49900"
"265",111708,"CET-San Diego","CA","0.83","0.17","0.2213","0.1502","0.5771","0.0079","0.0079","0.0316","0.004","0.6605664488","0.2064714946","San Diego","92102",2,"0.3922",1,1,3,"5278","24900"
"266",111717,"CET-Sobrato","CA","0.5015","0.4985","0.052","0.0214","0.8746","0.0306","0.0031","0.0061","0.0122","0.6605664488","0.2064714946","San Jose","95110",2,"0.4019",1,1,3,"5278","24900"
"267",111726,"CET-El Centro","CA","0.7038","0.2962","0.0115","0","0.9846","0","0","0.0038","0","0.6605664488","0.2064714946","El Centro","92243",2,"0.0728",1,1,3,"5278","24900"
"268",111744,"CET-San Bernardino","CA","0.9569","0.0431","0.2414","0.1034","0.5776","0","0.0259","0.0345","0.0172","0.6605664488","0.2064714946","San Bernardino","92408",2,"0.5409",1,1,3,"5278","24900"
"269",111762,"CET-Watsonville","CA","0.5417","0.4583","0","0.0104","0.9792","0","0","0.0104","0","0.6605664488","0.2064714946","Watsonville","95076",2,"0.1206",1,1,3,"5278","24900"
"270",111799,"CET-Salinas","CA","0.2593","0.7407","0.0185","0","0.9815","0","0","0","0","0.6605664488","0.2064714946","Salinas","93901",2,"0.087",1,1,3,"5278","24900"
"271",111887,"Cerritos College","CA","0.4536","0.5464","0.0777","0.0518","0.6792","0.0917","0.0213","0.0045","0.0158","0.6185751688","0.0734779566","Norwalk","90650-6298",1,"0.0388",2,2,2,"3500","35000"
"273",111920,"Chabot College","CA","0.4697","0.5303","0.1845","0.1204","0.3646","0.2339","0.0026","0.017","0.0586","0.5564689064","0.1188829787","Hayward","94545",1,"0.0162",2,2,2,"7100","39800"
"274",111939,"Chaffey College","CA","0.4179","0.5821","0.1835","0.0841","0.6032","0.0566","0.0021","0.0031","0.0328","0.5838965619","0.0974208807","Rancho Cucamonga","91737-3002",1,"0",2,2,2,"3500","34000"
"275",111948,"Chapman University","CA","0.404","0.596","0.6049","0.0132","0.1431","0.1029","0.0027","0.0032","0.0602","0.1615541922","0.0078662734","Orange","92866",2,"0.6461",4,3,1,"19000","52200"
"276",111966,"Charles R Drew University of Medicine and Science","CA","0.5362","0.4638","0.087","0.3188","0.2029","0.1014","0","0","0.2029","0.425","0.0895522388","Los Angeles","90059",2,"0.7529",4,2,1,"23750","63900"
"277",112075,"Concordia University-Irvine","CA","0.3646","0.6354","0.4628","0.0324","0.1783","0.0626","0.0042","0.0048","0.0387","0.3009367681","0.0493697479","Irvine","92612-3203",2,"0.6581",4,3,1,"17750","47700"
"278",112084,"San Diego Christian College","CA","0.4979","0.5021","0.4574","0.1372","0.1989","0.0223","0.0043","0.0128","0.0383","0.3996062992","0.1784452297","Santee","92071",2,"0.8845",4,3,1,"15544","37000"
"280",112172,"Citrus College","CA","0.4642","0.5358","0.1992","0.0394","0.5962","0.086","0.0019","0.0014","0.0289","0.5652489125","0.0740034331","Glendora","91741-1899",1,"0.0237",2,2,2,"5500","32400"
"282",112190,"City College of San Francisco","CA","0.4697","0.5303","0.2317","0.079","0.2333","0.3421","0.0024","0.007","0.046","0.5878166213","0.1009458578","San Francisco","94112-1898",1,"0.0521",2,1,2,"6033","42900"
"285",112288,"Milan Institute-Visalia","CA","0.0966","0.9034","0.1477","0.0284","0.7727","0.0142","0.0114","0.0114","0","0.6223529412","0.1821164889","Visalia","93277",3,"0.6195",1,1,3,"8919","26100"
"287",112385,"Coastline Community College","CA","0.5852","0.4148","0.3216","0.1204","0.262","0.2224","0.0076","0.0037","0.0371","0.5541880342","0.4221871714","Fountain Valley","92708-2597",1,"0.0391",2,2,2,"6000","36800"
"288",112394,"Cogswell College","CA","0.7545","0.2455","0.4168","0.0428","0.1697","0.1499","0.0016","0.0231","0.1071","0.3237179487","0.0300546448","San Jose","95134",3,"0.5887",4,3,1,"12500","65800"
"289",112446,"Coleman University","CA","0.9102","0.0898","0.4922","0.0801","0.1875","0.1406","0.0078","0.0078","0.0039","0.3727598566","0.284375","San Diego","92123-1506",2,"0.7938",4,2,1,"19000","47100"
"293",112570,"Columbia College-Hollywood","CA","0.5798","0.4202","0.4365","0.1889","0.2085","0.0326","0","0","0.0554","0.3945945946","0.0458715596","Tarzana","91356-1411",2,"0.7229",3,3,1,"23192.5","35400"
"294",112686,"El Camino College-Compton Center","CA","0.3644","0.6356","0.0296","0.3515","0.5303","0.0459","0.0015","0.0067","0.0276","0.583488806","0.0569578758","Compton","90221-5393",1,"0",2,2,2,"3873","34900"
"295",112826,"Contra Costa College","CA","0.4099","0.5901","0.1097","0.2248","0.3705","0.1894","0.0019","0.0064","0.0531","0.5679012346","0.1003917728","San Pablo","94806-3195",1,"0.0173",2,2,2,"4900.5","36300"
"296",113096,"Cosumnes River College","CA","0.4338","0.5662","0.2532","0.1327","0.2358","0.2701","0.0055","0.0192","0.0591","0.5077508043","0.1345818815","Sacramento","95823-5799",1,"0.0483",2,2,2,"5500","32100"
"298",113193,"Cuesta College","CA","0.4732","0.5268","0.6152","0.0127","0.2701","0.0323","0.0056","0.0017","0.0509","0.4402257568","0.1195700851","San Luis Obispo","93403-8106",1,"0.0514",2,2,2,"6500","38700"
"299",113218,"Cuyamaca College","CA","0.4674","0.5326","0.4613","0.0579","0.3313","0.0605","0.0041","0.0049","0.0598","0.6077322018","0.2789757412","El Cajon","92019",1,"0.0114",2,2,2,"3500","32600"
"300",113236,"Cypress College","CA","0.4412","0.5588","0.2058","0.0426","0.4404","0.2268","0.0024","0.0045","0.0357","0.5560231457","0.0822772078","Cypress","90630-5897",1,"0.0216",2,2,2,"6000","37900"
"301",113333,"De Anza College","CA","0.5165","0.4835","0.2063","0.0334","0.2547","0.3497","0.0015","0.0038","0.0467","0.5218736191","0.0667011375","Cupertino","95014",1,"0.0415",2,2,2,"5501","48800"
"302",113397,"Marinello Schools of Beauty-Hemet","CA","0.0359","0.9641","0.3774","0.1007","0.4405","0.0359","0.0105","0.0035","0.0053","0.5529237602","0.2047325103","Hemet","92545",3,"0.6842",1,1,3,"7000","17400"
"305",113573,"College of the Desert","CA","0.4695","0.5305","0.2055","0.0299","0.6682","0.0312","0.0041","0.0019","0.0223","0.6317962836","0.0892401836","Palm Desert","92260",1,"0",2,2,2,"4957","34600"
"307",113634,"Diablo Valley College","CA","0.4897","0.5103","0.3846","0.0542","0.2275","0.1531","0.0019","0.0043","0.0759","0.4582818294","0.1078104994","Pleasant Hill","94523",1,"0.0137",2,1,2,"3933.5","44600"
"308",113698,"Dominican University of California","CA","0.2604","0.7396","0.3287","0.0401","0.2106","0.2023","0.0041","0.011","0.0449","0.328358209","0.0433333333","San Rafael","94901-2298",2,"0.6988",4,3,1,"25000","58400"
"310",113856,"East Los Angeles College","CA","0.5204","0.4796","0.0709","0.0444","0.6459","0.1024","0.002","0.0019","0.0036","0.7045718714","0.0643953575","Monterey Park","91754-6099",1,"0.0137",2,1,2,"5856","34600"
"312",113980,"El Camino Community College District","CA","0.4832","0.5168","0.1354","0.1539","0.4962","0.1302","0.0014","0.0049","0.0447","0.583488806","0.0569578758","Torrance","90506",1,"0",2,2,2,"3873","34900"
"313",114044,"Elegance International","CA","0.1016","0.8984","0.2246","0.107","0.4947","0.0321","0.0107","0.0027","0.0909","0.5142857143","0.0689045936","Hollywood","90028-6106",3,"0.7744",1,1,3,"6333","20600"
"314",114071,"Marinello Schools of Beauty-Burbank","CA","0.0352","0.9648","0.3474","0.1244","0.4742","0.0235","0.0047","0.0023","0.0235","0.5680147059","0.1629526462","Burbank","91502",3,"0.7196",1,1,3,"9143","16900"
"315",114080,"Marinello Schools of Beauty-Moreno Valley","CA","0.0659","0.9341","0.2093","0.1628","0.5465","0.031","0.0155","0.0039","0.0155","0.5448916409","0.1291028446","Moreno Valley","92553",3,"0.7851",1,1,3,"8026","17800"
"317",114123,"Empire College","CA","0.1971","0.8029","0.5255","0.0316","0.3796","0.0243","0.0122","0.0243","0.0024","0.5284552846","0.1782477341","Santa Rosa","95403-2126",3,"0.4458",2,1,2,"13000","33000"
"318",114266,"Evergreen Valley College","CA","0.4668","0.5332","0.0796","0.0296","0.4057","0.3825","0.0042","0.0051","0.0269","0.638209266","0.1701524282","San Jose","95135-1598",1,"0.0153",2,2,2,"6000","40000"
"319",114354,"Fashion Institute of Design & Merchandising-Los Angeles","CA","0.1038","0.8962","0.3533","0.0554","0.2253","0.1171","0.0035","0.0073","0.0306","0.3405762872","0.0307298335","Los Angeles","90015-1421",3,"0.5698",3,2,1,"12000","41800"
"320",114390,"Fashion Institute of Design & Merchandising-San Francisco","CA","0.0778","0.9222","0.351","0.0342","0.2372","0.1935","0.0057","0.0228","0.0398","0.3405762872","0.0307298335","San Francisco","94108-5805",3,"0.6295",3,2,1,"12000","41800"
"321",114415,"Fashion Institute of Design & Merchandising-Orange County","CA","0.0641","0.9359","0.4551","0.0192","0.2564","0.1154","0.0064","0.0256","0.0641","0.3405762872","0.0307298335","Irvine","92614-5610",3,"0.771",3,2,2,"12000","41800"
"322",114433,"Feather River Community College District","CA","0.569","0.431","0.5554","0.1393","0.175","0.0298","0.0227","0.0123","0.0032","0.4647302905","0.0914076782","Quincy","95971-9124",1,"0.1681",2,2,2,"6964","28900"
"323",114460,"Federico Beauty Institute","CA","0.1343","0.8657","0.4417","0.0707","0.3675","0.0565","0.0141","0.0071","0.0389","0.5117056856","0.1800486618","Sacramento","95834",3,"0.6612",1,1,3,"6333","26200"
"327",114716,"Foothill College","CA","0.5154","0.4846","0.3394","0.0385","0.231","0.2253","0.0019","0.0068","0.0525","0.4874770922","0.1025024062","Los Altos Hills","94022",1,"0.0413",2,2,2,"6500","57200"
"330",114789,"Fresno City College","CA","0.4812","0.5188","0.2341","0.0591","0.5094","0.1477","0.0057","0.0019","0.0262","0.5375017723","0.0932804083","Fresno","93741",1,"0.0227",2,2,2,"3000","31000"
"331",114813,"Fresno Pacific University","CA","0.3121","0.6879","0.3681","0.0541","0.4184","0.0388","0.0104","0.0069","0.02","0.4746932515","0.2896379526","Fresno","93702-4709",2,"0.6761",4,3,1,"16500","41300"
"333",114859,"Fullerton College","CA","0.4863","0.5137","0.2326","0.0312","0.5158","0.1368","0.0027","0.0035","0.0319","0.5630897169","0.0643766218","Fullerton","92832-2095",1,"0.0259",2,2,2,"4750","37200"
"334",114938,"Gavilan College","CA","0.4857","0.5143","0.3054","0.0227","0.561","0.0524","0.0048","0.004","0.0185","0.6130811663","0.0906344411","Gilroy","95020",1,"0.017",2,2,2,"5825","30800"
"335",114947,"Gemological Institute of America-Carlsbad","CA","0.4465","0.5535","0.3349","0.0186","0.0605","0.0884","0.0093","0","0.0372","0.2892561983","0.1029411765","Carlsbad","92008",2,"0.1995",1,1,3,"8233","45100"
"336",115001,"Glendale Community College","CA","0.4476","0.5524","0.461","0.0246","0.3075","0.102","0.0013","0.0009","0.0282","0.580443828","0.1701707098","Glendale","91208-2894",1,"0.0161",2,2,2,"5250","36000"
"337",115010,"Glendale Career College","CA","0.237","0.763","0.1792","0.0578","0.5578","0.1301","0","0.0029","0","0.5464480874","0.1896758703","Glendale","91203",3,"0.7213",1,1,2,"9500","31100"
"338",115083,"Golden Gate University-San Francisco","CA","0.4751","0.5249","0.2697","0.1183","0.1618","0.1535","0.0041","0.0394","0.0394","0.4507772021","0.2663755459","San Francisco","94105-2968",2,"0.6695",4,3,1,"20078","75900"
"339",115126,"Golden West College","CA","0.4721","0.5279","0.3108","0.0201","0.3143","0.2718","0.0031","0.0051","0.0447","0.5388757994","0.0939934657","Huntington Beach","92647-2710",1,"0.0236",2,1,2,"4967.5","36600"
"341",115296,"Grossmont College","CA","0.444","0.556","0.411","0.0665","0.3254","0.0835","0.0026","0.0048","0.0647","0.5729029425","0.1735620585","El Cajon","92020-1799",1,"0.018",2,2,2,"3500","37800"
"343",115393,"Hartnell College","CA","0.5162","0.4838","0.148","0.0207","0.6786","0.0444","0.0019","0.0035","0.0191","0.6756453423","0.0873330927","Salinas","93901",1,"0",2,2,2,"4500","34600"
"345",115454,"Heald College-Rancho Cordova","CA","0.2799","0.7201","0.1827","0.1183","0.0913","0.0574","0.0117","0.0211","0.0211","0.5363278975","0.1818086665","Rancho Cordova","95670",3,"0.7882",2,2,2,"9500","35900"
"346",115472,"Heald College-Fresno","CA","0.2959","0.7041","0.1322","0.0776","0.6018","0.0669","0.0092","0.0031","0.0054","0.5363278975","0.1818086665","Fresno","93704",3,"0.7873",2,2,2,"9500","31700"
"347",115490,"Heald College-San Jose","CA","0.3421","0.6579","0.0622","0.0255","0.299","0.1292","0.0064","0.0104","0.0287","0.5363278975","0.1818086665","Milpitas","95035-8008",3,"0.7657",2,2,2,"9500","43800"
"348",115515,"Heald College-San Francisco","CA","0.3583","0.6417","0.1176","0.1805","0.2941","0.262","0.0107","0.0495","0.0321","0.5363278975","0.1818086665","San Francisco","94103",3,"0.7248",2,2,2,"9500","38900"
"349",115533,"Heald College-Concord","CA","0.2829","0.7171","0.2179","0.1797","0.2472","0.0911","0.0081","0.0301","0.052","0.5363278975","0.1818086665","Concord","94520-0522",3,"0.7795",2,2,2,"9500","41900"
"351",115728,"Holy Names University","CA","0.3739","0.6261","0.2087","0.2","0.3058","0.1478","0.0072","0.0391","0.0261","0.4489795918","0.076142132","Oakland","94619-1699",2,"0.8333",4,3,1,"20250","53300"
"353",115755,"Humboldt State University","CA","0.4588","0.5412","0.4738","0.0391","0.2977","0.0347","0.01","0.0026","0.0637","0.4477713508","0.0342465753","Arcata","95521-8299",1,"0.5625",4,3,1,"14200","38600"
"354",115773,"Humphreys College-Stockton and Modesto Campuses","CA","0.2853","0.7147","0.2204","0.1378","0.3857","0.0583","0.0032","0.0065","0","0.537037037","0.21875","Stockton","95207-3896",2,"0.769",4,3,1,"21146","32600"
"356",115931,"Institute for Business and Technology","CA","0.6429","0.3571","0.2041","0.0357","0.5102","0.1429","0.0051","0","0.0153","0.5281030445","0.2249408051","Santa Clara","95051-1303",3,"0.4866",1,1,3,"7600","37100"
"357",116226,"Interior Designers Institute","CA","0.069","0.931","0.6601","0.0148","0.1527","0.1084","0.0049","0","0.0246","0.3802816901","0.2345679012","Newport Beach","92660",3,"0.4068",4,2,1,"23500","41800"
"359",116439,"Irvine Valley College","CA","0.5013","0.4987","0.3486","0.0219","0.2471","0.2476","0.0007","0.002","0.0486","0.445324097","0.110974611","Irvine","92618-0301",1,"0.014",2,1,2,"6000","41100"
"360",116466,"ITT Technical Institute-National City","CA","0.7868","0.2132","0.2482","0.1742","0.3243","0.1522","0.015","0.009","0.043","0.4972857507","0.2337406569","National City","91950",3,"0.5434",3,2,1,"13566","42800"
"361",116475,"ITT Technical Institute-San Dimas","CA","0.7677","0.2323","0.2069","0.0544","0.5789","0.0853","0.0018","0.0018","0.0254","0.4972857507","0.2337406569","San Dimas","91773",3,"0.8052",3,2,1,"13566","42800"
"362",116484,"ITT Technical Institute-Orange","CA","0.8008","0.1992","0.2912","0.0536","0.4777","0.1188","0.0102","0.0013","0.0255","0.4972857507","0.2337406569","Orange","92868",3,"0.7959",3,2,1,"13566","42800"
"363",116563,"Bellus Academy-El Cajon","CA","0.0414","0.9586","0.5103","0.0621","0.2966","0","0.0069","0.0207","0.0966","0.4824120603","0.2291666667","El Cajon","92021",3,"0.5812",1,1,2,"7917","25000"
"364",116712,"John F. Kennedy University","CA","0.3108","0.6892","0.3665","0.1554","0.259","0.0837","0.0159","0.012","0.0359","0.5486725664","0.3333333333","Pleasant Hill","94523-4817",2,"0.9319",4,3,1,"20832","52100"
"366",117052,"Reedley College","CA","0.4224","0.5776","0.2953","0.0256","0.566","0.0704","0.0043","0.0014","0.0275","0.5276170437","0.0898600076","Reedley","93654",1,"0.0153",2,2,2,"3500","29100"
"367",117104,"Life Pacific College","CA","0.4656","0.5344","0.5365","0.0397","0.2902","0.0543","0.0021","0.0188","0.0355","0.385665529","0.0536277603","San Dimas","91773-3298",2,"0.5927",4,3,1,"15245","33500"
"368",117113,"Argosy University-The Art Institute of California-San Diego","CA","0.5435","0.4565","0.0092","0.0037","0.3452","0.0061","0.0012","0.0012","0","0.5099347495","0.1975711015","San Diego","92108-4423",3,"0.6426",3,3,1,"10000","41300"
"369",117140,"University of La Verne","CA","0.4267","0.5733","0.2389","0.065","0.4812","0.0526","0.0037","0.0047","0.0319","0.4738821563","0.2078389069","La Verne","91750-4401",2,"0.6662",4,3,1,"21012.5","54100"
"372",117238,"Lancaster Beauty School","CA","0.2581","0.7419","0.2097","0.2742","0.5081","0.0081","0","0","0","0.497005988","0.1581395349","Lancaster","93534",3,"0.697",1,1,3,"6940.5","19600"
"373",117247,"Laney College","CA","0.4547","0.5453","0.174","0.2471","0.1943","0.2618","0.0028","0.0046","0.0535","0.567251462","0.1722689076","Oakland","94607",1,"0.0191",2,2,2,"7500","33700"
"374",117274,"Lassen Community College","CA","0.7577","0.2423","0.4134","0.2025","0.2292","0.0367","0.024","0.017","0.0284","0.4897494305","0.1141804788","Susanville","96130",1,"0.0386",2,2,2,"5500","32500"
"378",117627,"La Sierra University","CA","0.4202","0.5798","0.148","0.0735","0.4323","0.1543","0.0029","0.0185","0.0385","0.3965341488","0.0294882914","Riverside","92515-8247",2,"0.695",4,3,1,"14500","46000"
"379",117636,"Loma Linda University","CA","0.2945","0.7055","0.3523","0.0395","0.2936","0.2397","0.001","0.0038","0.0452","0.3554817276","0.1476407915","Loma Linda","92350",2,"0.6754",4,3,1,"19500","85800"
"380",117645,"Long Beach City College","CA","0.4551","0.5449","0.1496","0.1333","0.5403","0.1133","0.0022","0.0072","0.0423","0.5653074434","0.058316885","Long Beach","90808-1706",1,"0.0408",2,1,2,"4500","32100"
"382",117690,"Los Angeles Harbor College","CA","0.4061","0.5939","0.1346","0.1124","0.5751","0.1064","0.0017","0.0087","0.0327","0.5853444493","0.0708215297","Wilmington","90744-2397",1,"0.0126",2,2,2,"3500","35600"
"383",117706,"Los Angeles Pierce College","CA","0.4607","0.5393","0.2899","0.059","0.4616","0.1106","0.002","0.0015","0.0314","0.5508091833","0.112670068","Woodland Hills","91371-0002",1,"0.0521",2,2,2,"9500","38100"
"384",117715,"Los Angeles Southwest College","CA","0.302","0.698","0.0177","0.5742","0.3277","0.02","0.002","0.0025","0.025","0.5869660942","0.0673846154","Los Angeles","90047-4899",1,"0.0315",2,2,2,"3500","30200"
"385",117724,"Los Angeles Trade Technical College","CA","0.5403","0.4597","0.0637","0.2133","0.6047","0.0472","0.0027","0.0023","0.0202","0.6194180351","0.08125","Los Angeles","90015-4181",1,"0.049",2,1,2,"4500","31400"
"386",117733,"Los Angeles Valley College","CA","0.4346","0.5654","0.3012","0.0544","0.4924","0.0797","0.0017","0.0016","0.0213","0.5727190605","0.1509751177","Valley Glen","91401-4096",1,"0.0372",2,1,2,"6750","36700"
"387",117751,"The Master's College and Seminary","CA","0.5474","0.4526","0.6184","0.0313","0.1041","0.0635","0.0025","0.0051","0.0643","0.2224576271","0.0824949698","Santa Clarita","91321-1200",2,"0.5171",4,3,1,"16500","47800"
"388",117788,"Los Angeles City College","CA","0.4392","0.5608","0.1866","0.1018","0.5017","0.1328","0.0025","0.0014","0.0228","0.5674664319","0.130143249","Los Angeles","90029",1,"0.0505",2,1,2,"7500","31900"
"389",117803,"Los Angeles County College of Nursing and Allied Health","CA","0.2157","0.7843","0.2206","0.049","0.3873","0.3333","0.0049","0","0.0049","0.5084745763","0.2537313433","Los Angeles","90033-1084",1,"0.3622",2,2,2,"10500","83300"
"390",117867,"Los Angeles Mission College","CA","0.3953","0.6047","0.1115","0.0318","0.7599","0.0527","0.0015","0.0007","0.01","0.7049486461","0.1417541692","Sylmar","91342-3200",1,"0.0308",2,2,2,"8000","32200"
"391",117894,"Los Medanos College","CA","0.4681","0.5319","0.2854","0.154","0.3705","0.0924","0.0012","0.0063","0.0735","0.5244969379","0.1047819972","Pittsburg","94565",1,"0.0077",2,2,2,"3500","40900"
"392",117928,"Argosy University-The Art Institute of California-San Francisco","CA","0.5361","0.4639","0.1473","0.0703","0.2947","0.0922","0.0029","0.0133","0.076","0.5099347495","0.1975711015","San Francisco","94102-4908",3,"0.8221",4,3,1,"10000","41300"
"393",117946,"Loyola Marymount University","CA","0.426","0.574","0.4672","0.0579","0.2192","0.107","0.002","0.001","0.0768","0.1998933902","0.0191628845","Los Angeles","90045-2659",2,"0.4535",4,3,1,"19500","64400"
"397",118143,"Lyles Fresno College of Beauty","CA","0.098","0.902","0.3529","0.0588","0.451","0.0392","0","0.0196","0.0784","0.6134453782","0.2147239264","Fresno","93710",3,"0.4239",1,1,3,"6857","19000"
"398",118161,"Lytles Redwood Empire Beauty College Inc","CA","0.053","0.947","0.7197","0.0303","0.1818","0.0227","0.0152","0","0","0.4661654135","0.1503267974","Santa Rosa","95403",3,"0.5971",1,1,3,"8255","22600"
"399",118189,"MTI Business College Inc","CA","0.0274","0.9726","0.2397","0.5137","0.1438","0.0479","0.0342","0.0205","0","0.4876033058","0.1122994652","Stockton","95207-4349",3,"1",1,1,3,"9500","25800"
"400",118198,"MTI College","CA","0.2775","0.7225","0.5108","0.099","0.2039","0.0873","0.0049","0.0029","0.0539","0.467230444","0.2420168067","Sacramento","95841-9817",3,"0.3483",2,1,2,"8263.5","36800"
"401",118259,"Brightwood College-Sacramento","CA","0.1408","0.8592","0.2347","0.1854","0.4014","0.0962","0.0117","0.0164","0","0.6404833837","0.169198895","Sacramento","95821",3,"0.6537",2,1,2,"9334","28400"
"402",118277,"Brightwood College-San Diego","CA","0.2444","0.7556","0.2856","0.0996","0.3245","0.2086","0.0093","0.0233","0","0.487704918","0.2664092664","San Diego","92123",3,"0.5589",2,1,2,"9476.5","39000"
"403",118286,"Brightwood College-Vista","CA","0.2699","0.7301","0.3458","0.107","0.403","0.0659","0.0162","0.0348","0","0.5644937587","0.2474934037","Vista","92083-7736",3,"0.5444",2,1,2,"8630","32100"
"404",118347,"College of Marin","CA","0.412","0.588","0.5385","0.0682","0.2305","0.0699","0.0024","0.0024","0.0517","0.4647177419","0.090541633","Kentfield","94904-2590",1,"0.0925",2,2,2,"10062.5","39100"
"405",118356,"Marinello Schools of Beauty-Los Angeles","CA","0.1282","0.8718","0.2072","0.1765","0.5378","0.0311","0.0065","0.0017","0.0047","0.5654697135","0.1575203252","Los Angeles","90023",3,"0.7236",1,1,3,"8555","18500"
"406",118541,"Marymount California University","CA","0.4641","0.5359","0.1934","0.082","0.3517","0.0387","0.0028","0.0083","0.0304","0.4276923077","0.0305343511","Rancho Palos Verdes","90275-6299",2,"0.5702",3,3,1,"12524","39200"
"407",118684,"Mendocino College","CA","0.3792","0.6208","0.6074","0.0327","0.2504","0.026","0.0508","0.0067","0.0146","0.5420168067","0.131897712","Ukiah","95482",1,"0.0558",2,2,2,"7000","29200"
"410",118772,"Merritt College","CA","0.3404","0.6596","0.1896","0.2961","0.2422","0.1513","0.0041","0.0053","0.0491","0.5377113134","0.1056724611","Oakland","94619-3196",1,"0.0443",2,1,2,"8970","39700"
"411",118888,"Mills College","CA","0","1","0.4488","0.0671","0.2321","0.1133","0.0055","0.0055","0.1034","0.322515213","0.0371681416","Oakland","94613",2,"0.7272",4,3,1,"18750","46500"
"412",118912,"MiraCosta College","CA","0.4359","0.5641","0.4598","0.034","0.3329","0.0621","0.003","0.0046","0.0702","0.5070185289","0.2072213501","Oceanside","92056-3899",1,"0.0194",2,1,2,"4500","31100"
"413",118921,"Marinello Schools of Beauty-San Francisco","CA","0.0879","0.9121","0.4075","0.1103","0.3551","0.0523","0.0206","0.0019","0.0093","0.5124309392","0.1745867769","San Francisco","94103",3,"0.6552",1,1,3,"6532","35200"
"414",118930,"Mission College","CA","0.4511","0.5489","0.1799","0.038","0.2503","0.4391","0.0016","0.0055","0.0422","0.5454545455","0.1666666667","Santa Clara","95054-1897",1,"0.0048",2,2,2,"4500","40600"
"416",118967,"Brightwood College-North Hollywood","CA","0.4422","0.5578","0.2404","0.0476","0.5141","0.1375","0.0039","0.0231","0","0.5804540967","0.1402616279","North Hollywood","91606-3231",3,"0.6766",1,1,2,"9400.5","39400"
"420",119067,"Monterey Peninsula College","CA","0.4655","0.5345","0.4211","0.0392","0.3615","0.0791","0.0033","0.0103","0.0515","0.5133767173","0.1133222775","Monterey","93940-4799",1,"0.0221",2,2,2,"6500","40500"
"421",119137,"Moorpark College","CA","0.4857","0.5143","0.5149","0.0195","0.3145","0.085","0.003","0.0023","0.0489","0.4837758112","0.0796946565","Moorpark","93021-1695",1,"0.0184",2,2,2,"6000","42400"
"422",119164,"Mt San Antonio College","CA","0.484","0.516","0.1239","0.042","0.5925","0.1783","0.0016","0.0028","0.0303","0.5811606392","0.0804409219","Walnut","91789-1399",1,"0.0111",2,2,2,"4500","39000"
"423",119173,"Mount Saint Mary's University","CA","0.0666","0.9334","0.1012","0.0703","0.598","0.1666","0.0038","0.0056","0.0199","0.4889228419","0.0883807169","Los Angeles","90049-1599",2,"0.9154",4,3,1,"21000","57000"
"424",119216,"Mt San Jacinto Community College District","CA","0.4226","0.5774","0.3417","0.0795","0.4471","0.0518","0.005","0.004","0.0551","0.5362394049","0.1533305977","San Jacinto","92583-2399",1,"0",2,2,2,"5250","32000"
"426",119270,"Musicians Institute","CA","0.7962","0.2038","0.2939","0.0657","0.138","0.031","0.0103","0.0038","0.0601","0.3727034121","0.0494699647","Hollywood","90028",3,"0.4381",3,1,1,"6334","32200"
"427",119331,"Napa Valley College","CA","0.4423","0.5577","0.3232","0.0669","0.3778","0.1433","0.0037","0.0049","0.0542","0.5432276657","0.0863350486","Napa","94558-6236",1,"0.0165",2,2,2,"7000","42500"
"428",119359,"Everest College-Reseda","CA","0.2701","0.7299","0.1242","0.0403","0.6762","0.0587","0.0101","0.005","0.0319","0.5614035088","0.1289045315","Reseda","91335-4631",3,"0.541",2,1,2,"9500","30200"
"429",119456,"Everest College-Gardena","CA","0.158","0.842","0.033","0.4127","0.3868","0.0236","0.0047","0.0118","0.0542","0.5487922705","0.1446718419","Gardena","90247",3,"0.5866",1,1,3,"9500","26500"
"430",119465,"Everest College-Alhambra","CA","0.2642","0.7358","0.0296","0.0387","0.8178","0.0364","0","0.0068","0.041","0.5986525505","0.1083437111","Alhambra","91803",3,"0.5982",1,1,3,"9500","26700"
"431",119508,"Everest College-San Bernardino","CA","0.4152","0.5848","0.1208","0.1411","0.5753","0.0109","0.0136","0.0109","0.076","0.6028368794","0.1762611276","San Bernardino","92408",3,"0.5582",2,1,2,"7489.5","24000"
"432",119544,"The National Hispanic University","CA","0.1702","0.8298","0.1277","0","0.4255","0.0426","0","0","0.0426","0.6891891892","0.2475247525","San Jose","95127-3823",3,"0.3615",4,3,1,"11000","42700"
"433",119553,"National Holistic Institute","CA","0.3367","0.6633","0.4122","0.0933","0.1889","0.0689","0.0111","0.0278","0.1522","0.4606060606","0.1463210702","Emeryville","94608-2008",3,"0.8004",1,1,3,"9500","35700"
"434",119605,"National University","CA","0.4267","0.5733","0.3949","0.1041","0.2633","0.1062","0.0068","0.0181","0.0455","0.4455240852","0.4183040331","La Jolla","92037-1011",2,"0.4092",4,3,1,"13403.5","56400"
"435",119775,"Newschool of Architecture and Design","CA","0.7306","0.2694","0.2528","0.0222","0.3778","0.0972","0","0","0.0389","0.5140186916","0.106870229","San Diego","92101",3,"0.6747",4,3,1,"28500","47100"
"436",119845,"Newberry School of Beauty","CA","0.041","0.959","0.459","0.0574","0.4098","0.0492","0.0082","0","0.0082","0.5905511811","0.1104651163","Granada Hills","91344-7401",3,"0.3959",1,1,3,"5687.5","24400"
"437",119951,"North Adrian's College of Beauty Inc","CA","0.0107","0.9893","0.2964","0.0643","0.5571","0.0536","0","0","0.0286","0.6995305164","0.1818181818","Modesto","95350-2381",3,"0.494",1,1,3,"9500","21500"
"438",120069,"North-West College-Pomona","CA","0.1306","0.8694","0.0821","0.0373","0.7537","0.041","0","0.0037","0","0.5852918878","0.1893258427","Pomona","91768",3,"0.9812",1,1,3,"8698","23200"
"439",120078,"North-West College-West Covina","CA","0.1968","0.8032","0.0429","0.0179","0.7782","0.0823","0","0","0","0.6568742656","0.1860053144","West Covina","91790",3,"0.7497",1,1,3,"8030","27700"
"440",120087,"North-West College-Pasadena","CA","0.181","0.819","0.0995","0.086","0.5566","0.086","0","0.0271","0","0.6398104265","0.1401273885","Pasadena","91101",3,"0.7157",1,1,3,"8190","25300"
"441",120184,"Notre Dame de Namur University","CA","0.3331","0.6669","0.254","0.0646","0.3662","0.1189","0.0059","0.0306","0.0391","0.4130434783","0.0960118168","Belmont","94002-1908",2,"0.6826",4,3,1,"18750","53500"
"444",120290,"Ohlone College","CA","0.536","0.464","0.1964","0.0379","0.1834","0.304","0.0019","0.0067","0.0458","0.4753004005","0.1009667025","Fremont","94539-0390",1,"0.013",2,1,2,"9399","48700"
"445",120342,"Orange Coast College","CA","0.5229","0.4771","0.3385","0.0155","0.3357","0.1991","0.0024","0.0028","0.0428","0.5124388688","0.0747724317","Costa Mesa","92626",1,"0.0197",2,2,2,"4375","41600"
"448",120537,"Hope International University","CA","0.4498","0.5502","0.3799","0.0564","0.201","0.0282","0.0049","0.0098","0.1103","0.4351464435","0.152293578","Fullerton","92831-3199",2,"0.7351",4,3,1,"17750","41100"
"449",120661,"Concorde Career College-San Diego","CA","0.2492","0.7508","0.1727","0.1603","0.4302","0.1241","0.0062","0.0403","0.0403","0.5115303983","0.238793806","San Diego","92113-1964",3,"0.4138",2,1,2,"9500","27800"
"452",120768,"Pacific Oaks College","CA","0.0768","0.9232","0.2365","0.0996","0.5353","0.0228","0.0041","0.0062","0.0104","0.536977492","0.3287037037","Pasadena","91103",2,"0.7735",4,3,1,"18750","40700"
"455",120865,"Pacific Union College","CA","0.4371","0.5629","0.2786","0.0853","0.271","0.1813","0.0025","0.0208","0.0758","0.2765957447","0.0536585366","Angwin","94508-9707",2,"0.7787",4,3,1,"21500","54200"
"456",120883,"University of the Pacific","CA","0.4842","0.5158","0.2985","0.025","0.1817","0.3306","0.0058","0.006","0.0466","0.3497723824","0.0390309556","Stockton","95211-0197",2,"0.592",4,3,1,"20723.5","80600"
"458",120971,"Palomar College","CA","0.556","0.444","0.423","0.0311","0.3822","0.0663","0.0073","0.0057","0.0438","0.5624139514","0.1487341772","San Marcos","92069-1487",1,"0.0124",2,1,2,"4500","37200"
"460",121044,"Pasadena City College","CA","0.4773","0.5227","0.0948","0.0441","0.4828","0.2335","0.0011","0.0012","0.0933","0.5768993206","0.0511090784","Pasadena","91106-2003",1,"0.0106",2,2,2,"4944","37500"
"461",121150,"Pepperdine University","CA","0.4089","0.5911","0.4496","0.0606","0.134","0.1302","0.0044","0.0029","0.0865","0.204616999","0.0338308458","Malibu","90263",2,"0.437",4,3,1,"24000","71400"
"463",121275,"Platt College-San Diego","CA","0.6783","0.3217","0.3439","0.1083","0.2452","0.0955","0.0127","0","0.1019","0.4394904459","0.1609195402","San Diego","92115-3919",3,"0.1892",3,2,1,"20000","36100"
"464",121309,"Point Loma Nazarene University","CA","0.3617","0.6383","0.6176","0.023","0.218","0.0508","0.0086","0.0086","0.0586","0.25382263","0.0606936416","San Diego","92106-2899",2,"0.6232",4,3,1,"18560","52300"
"467",121381,"Westwood College-South Bay","CA","0.4717","0.5283","0.0794","0.2358","0.4717","0.034","0.0023","0.0181","0.0136","0.6068111455","0.1217656012","Torrance","90502",3,"0.8249",3,3,1,"22000","35100"
"469",121619,"Santa Ana College","CA","0.6248","0.3752","0.2201","0.0145","0.5003","0.0829","0.0027","0.0031","0.0143","0.7116920842","0.0977601493","Santa Ana","92706-3398",1,"0.0074",2,2,2,"6000","37000"
"472",121691,"University of Redlands","CA","0.4305","0.5695","0.469","0.0434","0.2668","0.0539","0.0067","0.0043","0.0375","0.3324396783","0.1187576127","Redlands","92373-0999",2,"0.6568",4,3,1,"24500","56000"
"473",121707,"College of the Redwoods","CA","0.4615","0.5385","0.5772","0.0228","0.1609","0.0334","0.0694","0.0076","0.0717","0.4880889359","0.102393617","Eureka","95501-9300",1,"0.0404",2,2,2,"4500","30400"
"476",121886,"Rio Hondo College","CA","0.5342","0.4658","0.0819","0.0138","0.7978","0.0734","0.0019","0.0011","0.0093","0.6715557884","0.0577693041","Whittier","90601-1616",1,"0.0075",2,2,2,"4750","36700"
"477",121901,"Riverside City College","CA","0.4409","0.5591","0.2194","0.0831","0.5642","0.0625","0.0027","0.0036","0.0404","0.562490439","0.0852731044","Riverside","92506",1,"0.0213",2,2,2,"4500","34700"
"478",121983,"Argosy University-San Francisco Bay Area","CA","0.2741","0.7259","0.2667","0.4","0.163","0.0593","0.0296","0.0444","0","0.5099347495","0.1975711015","Alameda","94501",3,"0.7024",4,3,1,"10000","41300"
"482",122180,"Sacramento City College","CA","0.4353","0.5647","0.2806","0.1209","0.292","0.1942","0.0058","0.0122","0.0599","0.5193642674","0.0991935484","Sacramento","95822-1386",1,"0.0502",2,2,2,"6500","36800"
"483",122205,"Saddleback College","CA","0.458","0.542","0.544","0.0222","0.2461","0.0912","0.0025","0.003","0.0507","0.4247168554","0.1511860532","Mission Viejo","92692-3635",1,"0.0202",2,1,2,"5250","40700"
"484",122296,"Samuel Merritt University","CA","0.182","0.818","0.4004","0.0345","0.1533","0.2682","0.0019","0.0096","0.0996","0.3698030635","0.1834319527","Oakland","94609",2,"0.7334",4,3,1,"18750","112000"
"485",122339,"San Diego City College","CA","0.481","0.519","0.2376","0.1167","0.4846","0.0873","0.0036","0.0049","0.0425","0.5660027791","0.1145833333","San Diego","92101-4787",1,"0.0465",2,2,2,"3500","32000"
"486",122366,"Golf Academy of America-Carlsbad","CA","0.9524","0.0476","0.631","0.0179","0.0595","0.0595","0.0119","0.0179","0.0476","0.5394716354","0.1807204088","Carlsbad","92008",3,"0.4206",2,2,2,"11108","28900"
"487",122375,"San Diego Mesa College","CA","0.4817","0.5183","0.3316","0.0664","0.3366","0.1578","0.0036","0.0067","0.0605","0.508899143","0.110374891","San Diego","92111-4998",1,"0.0223",2,2,2,"3500","40100"
"488",122384,"San Diego Miramar College","CA","0.5644","0.4356","0.3785","0.0488","0.2375","0.2268","0.0036","0.0087","0.0616","0.487804878","0.2040410732","San Diego","92126-2999",1,"0.023",2,1,2,"3500","42200"
"489",122409,"San Diego State University","CA","0.4503","0.5497","0.3501","0.0362","0.3104","0.1326","0.0025","0.0026","0.0639","0.4095003085","0.0553948355","San Diego","92182",1,"0.3683",4,3,1,"13997","52000"
"490",122436,"University of San Diego","CA","0.448","0.552","0.5421","0.0299","0.1932","0.0647","0.005","0.003","0.0575","0.2286666667","0.0187969925","San Diego","92110-2492",2,"0.4204",4,3,1,"19740","66300"
"491",122454,"San Francisco Art Institute","CA","0.4292","0.5708","0.4837","0.0196","0.1678","0.0392","0.0044","0.0044","0.0784","0.171875","0.0490196078","San Francisco","94133-2299",2,"0.5628",4,3,1,"15750","32600"
"493",122597,"San Francisco State University","CA","0.4357","0.5643","0.2195","0.0477","0.2486","0.2851","0.0024","0.0065","0.0575","0.4696435089","0.0387241414","San Francisco","94132",1,"0.3818",4,3,1,"14479","51900"
"495",122612,"University of San Francisco","CA","0.3778","0.6222","0.2927","0.0307","0.1956","0.1984","0.0031","0.0059","0.0663","0.2883172562","0.0322260783","San Francisco","94117-1080",2,"0.4776",4,3,1,"21500","70600"
"497",122658,"San Joaquin Delta College","CA","0.4327","0.5673","0.2342","0.0933","0.4365","0.1669","0.0044","0.0048","0.0517","0.5815616181","0.1021025148","Stockton","95207",1,"0.0526",2,2,2,"4500","34300"
"498",122685,"San Joaquin Valley College-Visalia","CA","0.2851","0.7149","0.2577","0.0801","0.5058","0.0514","0.0084","0.01","0.0648","0.5826513912","0.1988890394","Visalia","93291-9283",3,"0.6466",2,2,2,"12000","30900"
"499",122728,"William Jessup University","CA","0.42","0.58","0.6844","0.0495","0.1653","0.0336","0.0097","0.0053","0.0336","0.3544973545","0.1274193548","Rocklin","95765-3707",2,"0.9093",4,3,1,"15500","41000"
"500",122746,"San Jose City College","CA","0.4424","0.5576","0.1748","0.066","0.4204","0.2367","0.0051","0.0059","0.0418","0.5979081929","0.1331309627","San Jose","95128-2798",1,"0.0216",2,2,2,"5000","34300"
"501",122755,"San Jose State University","CA","0.5177","0.4823","0.2098","0.0342","0.2488","0.3567","0.0014","0.0078","0.052","0.4900055525","0.0455791638","San Jose","95192-0001",1,"0.3501",4,3,1,"12500","60200"
"502",122791,"College of San Mateo","CA","0.5061","0.4939","0.3016","0.0342","0.2966","0.2399","0.0014","0.02","0.0514","0.5222465354","0.0606767795","San Mateo","94402-3784",1,"0.0089",2,1,2,"4403","44000"
"503",122834,"Santa Barbara Business College-Bakersfield","CA","0.3078","0.6922","0.1299","0.0587","0.7527","0.0302","0.0071","0.0053","0.016","0.6630901288","0.1588235294","Bakersfield","93309",3,"0.8038",3,2,1,"17450","24900"
"504",122843,"Westwood College-Los Angeles","CA","0.4506","0.5494","0.2789","0.1812","0.2291","0.0237","0.0053","0.003","0.0373","0.5443583118","0.1835522201","Los Angeles","90010",3,"0.8424",4,3,1,"14462","33400"
"505",122852,"Santa Barbara Business College-Santa Maria","CA","0.1584","0.8416","0.198","0.0248","0.7376","0.005","0","0.0099","0.0149","0.6820809249","0.1837606838","Santa Maria","93454",3,"0.8786",3,2,1,"16500","27600"
"506",122889,"Santa Barbara City College","CA","0.467","0.533","0.4245","0.0342","0.3159","0.0512","0.0034","0.0014","0.048","0.4460719041","0.0710640711","Santa Barbara","93109-2394",1,"0.0994",2,2,2,"5745","39300"
"507",122931,"Santa Clara University","CA","0.5041","0.4959","0.4841","0.0316","0.1718","0.1504","0.0013","0.0024","0.0676","0.1871244635","0.0165016502","Santa Clara","95053",2,"0.3672",4,3,1,"19500","79500"
"508",122977,"Santa Monica College","CA","0.4751","0.5249","0.2558","0.0893","0.3796","0.1051","0.0019","0.0025","0.0393","0.5097739768","0.0382953882","Santa Monica","90405-1628",1,"0.0125",2,1,2,"4500","38100"
"509",123013,"Santa Rosa Junior College","CA","0.4536","0.5464","0.5675","0.0257","0.294","0.0452","0.0081","0.0034","0.0494","0.4890465906","0.1033300686","Santa Rosa","95401-4395",1,"0.0192",2,1,2,"5500","41300"
"512",123208,"Wyotech-Fremont","CA","0.964","0.036","0.2646","0.0795","0.3528","0.1193","0.0112","0.046","0.0882","0.5459533608","0.1756756757","Fremont","94539",3,"0.5208",2,1,2,"9500","42000"
"513",123217,"College of the Sequoias","CA","0.4399","0.5601","0.2579","0.0258","0.6203","0.0432","0.0051","0.0016","0.0318","0.5671641791","0.1094500801","Visalia","93277-2214",1,"0.0204",2,2,2,"3077.5","30400"
"515",123299,"Shasta College","CA","0.4138","0.5862","0.6979","0.0154","0.1415","0.0338","0.0276","0.0044","0.0431","0.5364949981","0.1527950311","Redding","96003",1,"0.0423",2,2,2,"5869","30600"
"516",123341,"Sierra College","CA","0.4607","0.5393","0.5886","0.0269","0.2575","0.0463","0.0057","0.0032","0.0532","0.4686200036","0.167858253","Rocklin","95677-3397",1,"0.0631",2,2,2,"7500","34800"
"520",123457,"Simpson University","CA","0.3408","0.6592","0.6207","0.0282","0.1211","0.0347","0.0254","0.0009","0.0338","0.4027355623","0.2217573222","Redding","96003-8606",2,"0.9336",4,3,1,"16300.5","37900"
"521",123484,"College of the Siskiyous","CA","0.4989","0.5011","0.6055","0.0463","0.1366","0.035","0.022","0.0073","0.0497","0.4979195562","0.1269461078","Weed","96094-2899",1,"0.1512",2,2,2,"8750","30700"
"522",123493,"Charles A Jones Career and Education Center","CA","0.6273","0.3727","0.2","0.2187","0.2058","0.1942","0.0475","0.0504","0.0835","0.5728395062","0.2227979275","Sacramento","95824-1529",1,"0.2218",1,1,2,"5500","28800"
"523",123509,"Skyline College","CA","0.4754","0.5246","0.1962","0.0321","0.2902","0.3827","0.0021","0.0124","0.0527","0.5079626579","0.0859982714","San Bruno","94066-1698",1,"0.0113",2,2,2,"5512","43600"
"524",123527,"San Bernardino Valley College","CA","0.4296","0.5704","0.1423","0.123","0.6443","0.0446","0.0021","0.0036","0.0336","0.6216968011","0.1036585366","San Bernardino","92410-2798",1,"0.0018",2,2,2,"3500","31200"
"525",123554,"Saint Mary's College of California","CA","0.4134","0.5866","0.4564","0.0387","0.2513","0.1034","0.0031","0.0071","0.0688","0.2706110572","0.0262681159","Moraga","94575",2,"0.5099",4,3,1,"21500","68600"
"526",123563,"Solano Community College","CA","0.4056","0.5944","0.3218","0.1486","0.2556","0.1449","0.0025","0.0082","0.0904","0.511472983","0.1416062802","Fairfield","94534-3197",1,"0.0303",2,2,2,"6224.5","40500"
"527",123572,"Sonoma State University","CA","0.3789","0.6211","0.5105","0.0219","0.2637","0.0456","0.0053","0.0023","0.0671","0.4096701649","0.0427824951","Rohnert Park","94928-3609",1,"0.4079",4,3,1,"14000","49400"
"528",123581,"Pinnacle College","CA","0.9138","0.0862","0.3276","0.2471","0.3276","0.0345","0.0057","0","0.046","0.4139784946","0.092920354","Alhambra","91803",3,"0.677",1,1,2,"13000","33900"
"530",123642,"South Coast College","CA","0.0877","0.9123","0.3567","0.0292","0.3772","0.0877","0.0058","0.0029","0.0556","0.5691489362","0.1885964912","Orange","92868-2609",3,"0.7481",2,1,2,"19097","33000"
"531",123651,"Vanguard University of Southern California","CA","0.3395","0.6605","0.458","0.0417","0.3617","0.0402","0.0031","0.0077","0.0505","0.3595505618","0.0929292929","Costa Mesa","92626",2,"0.8094",4,3,1,"19500","44600"
"532",123679,"Concorde Career College-Garden Grove","CA","0.2854","0.7146","0.1294","0.0308","0.4661","0.1828","0.0072","0.0298","0.0349","0.5173299101","0.1619786615","Garden Grove","92840-9201",3,"0.6898",2,1,2,"9500","39300"
"533",123800,"Southwestern College","CA","0.4688","0.5312","0.2711","0.0568","0.5064","0.1208","0.0163","0.0112","0","0.5754035684","0.1063589413","Chula Vista","91910-7299",1,"0.0168",2,2,2,"4000","34700"
"537",123961,"University of Southern California","CA","0.4945","0.5055","0.3644","0.0436","0.1353","0.225","0.0013","0.0017","0.0508","0.2332909784","0.0118962646","Los Angeles","90089",2,"0.3729",4,3,1,"21062","81300"
"543",124487,"Epic Bible College","CA","0.5144","0.4856","0.375","0.1971","0.1298","0.0385","0.0192","0.024","0.101","0.523364486","0.3120567376","Sacramento","95841",2,"0.6402",3,3,1,"9500","35000"
"544",124681,"United Education Institute-Huntington Park Campus","CA","0.3676","0.6324","0.0769","0.1111","0.6176","0.0205","0.0034","0.0067","0.0194","0.6500126807","0.1357423409","Huntington Park","90255",3,"0.4913",2,1,2,"9500","26500"
"545",124706,"Concorde Career College-San Bernardino","CA","0.226","0.774","0.1751","0.1228","0.5075","0.0449","0.0015","0.012","0.0569","0.5699177438","0.1646734131","San Bernardino","92408-3403",3,"0.572",2,1,2,"9500","29300"
"547",124937,"Concorde Career College-North Hollywood","CA","0.3871","0.6129","0.1339","0.0516","0.5677","0.1081","0.0032","0.0403","0.0145","0.5582733813","0.1114457831","North Hollywood","91606-3134",3,"0.5708",2,1,2,"9500","42500"
"548",125028,"Ventura College","CA","0.4517","0.5483","0.2991","0.0248","0.5658","0.047","0.0048","0.0023","0.0371","0.5692254969","0.0779936975","Ventura","93003-3872",1,"0.0333",2,2,2,"6000","36400"
"549",125082,"Victor Valley Beauty College Inc","CA","0.0515","0.9485","0.3918","0.1443","0.4021","0.0206","0.0103","0","0.0309","0.6097560976","0.102739726","Victorville","92395",3,"0.6948",1,1,3,"6397","15700"
"550",125091,"Victor Valley College","CA","0.4297","0.5703","0.3124","0.1183","0.4858","0.0222","0.0036","0.0028","0.0463","0.567694622","0.1309593023","Victorville","92395-5850",1,"0",2,2,2,"6000","32400"
"551",125170,"Berkeley City College","CA","0.4467","0.5533","0.2758","0.1798","0.243","0.1643","0.003","0.0034","0.0706","0.460203471","0.0697674419","Berkeley","94704",1,"0.0216",2,1,2,"5775","36100"
"554",125462,"West Hills College-Coalinga","CA","0.395","0.605","0.1863","0.0699","0.6294","0.0406","0.0059","0.0039","0.0185","0.6082474227","0.0911458333","Coalinga","93210",1,"0.0625",2,2,2,"5500","31700"
"555",125471,"West Los Angeles College","CA","0.4104","0.5896","0.1295","0.2916","0.4219","0.055","0.0029","0.0025","0.0352","0.5498866213","0.0754874652","Culver City","90230-3519",1,"0.0374",2,2,2,"9000","33700"
"556",125499,"West Valley College","CA","0.4475","0.5525","0.4659","0.0273","0.2602","0.1492","0.0019","0.0031","0.0518","0.4693877551","0.1054273238","Saratoga","95070-5698",1,"0.0055",2,2,2,"4500","37700"
"557",125532,"Carrington College-Sacramento","CA","0.1227","0.8773","0.3726","0.1112","0.2484","0.1011","0.0116","0.0209","0.0513","0.5172798216","0.1471196455","Sacramento","95826",3,"0.6241",2,2,2,"12117","31100"
"561",125897,"Woodbury University","CA","0.5019","0.4981","0.3509","0.0376","0.2682","0.0781","0.0023","0.012","0.0278","0.3904761905","0.0625","Burbank","91510-7846",2,"0.6573",4,3,1,"27000","50400"
"566",126119,"Yuba College","CA","0.4027","0.5973","0.4294","0.0383","0.3044","0.1137","0.012","0.004","0.061","0.5696155282","0.1782380397","Marysville","95901",1,"0",2,2,2,"4500","32800"
"1302",154022,"Ashford University","CA","0.2956","0.7044","0.4709","0.353","0.0953","0.0118","0.0098","0.008","0.0299","0.5430011421","0.3229137594","San Diego","92123",3,"0.7203",4,3,1,"9507.5","41500"
"4267",244011,"ITT Technical Institute-Sylmar","CA","0.7562","0.2438","0.229","0.0906","0.5091","0.0956","0.0049","0.0066","0.0214","0.4972857507","0.2337406569","Sylmar","91342-3664",3,"0.7738",3,2,1,"13566","42800"
"4287",245838,"Antioch University-Los Angeles","CA","0.2695","0.7305","0.5329","0.1138","0.2156","0.024","0","0","0.0479","0.4664804469","0.2146226415","Culver City","90230-7615",2,"0.3072",4,3,1,"21916","38900"
"4288",245847,"Antioch University-Santa Barbara","CA","0.3576","0.6424","0.5152","0.0182","0.1939","0.0242","0.0121","0.0061","0","0.4664804469","0.2146226415","Santa Barbara","93101",2,"0.5",4,3,1,"21916","38900"
"4311",246974,"Carrington College-San Leandro","CA","0.1356","0.8644","0.1709","0.2083","0.4165","0.0845","0.0138","0.0413","0.0452","0.5172798216","0.1471196455","San Leandro","94578-1977",3,"0.6032",2,1,2,"12117","31100"
"4335",248846,"Fashion Institute of Design & Merchandising-San Diego","CA","0.0634","0.9366","0.3732","0.0352","0.3732","0.0775","0.0141","0.0282","0.0141","0.3405762872","0.0307298335","San Diego","92101-4903",3,"0.7041",2,2,2,"12000","41800"
"4362",260789,"Platt College-Los Angeles","CA","0.2648","0.7352","0.1074","0.0272","0.6596","0.1649","0.0045","0.0045","0.0287","0.585504886","0.1525320317","Alhambra","91803",3,"0.5921",3,2,1,"18870.5","33500"
"4391",262369,"Adrian's College of Beauty Turlock","CA","0.0226","0.9774","0.4361","0.0301","0.4962","0","0","0.0075","0.0301","0.5714285714","0.156462585","Turlock","95380",3,"0.7418",1,1,3,"9500","12900"
"4402",363387,"Heald College-Roseville","CA","0.2699","0.7301","0.3569","0.0383","0.0565","0.0364","0.0115","0.0144","0.0297","0.5363278975","0.1818086665","Roseville","95678",3,"0.7786",2,2,2,"9500","35800"
"4434",365125,"Palomar Institute of Cosmetology","CA","0","1","0.5702","0.0413","0.3636","0.0165","0.0083","0","0","0.4913294798","0.181372549","San Marcos","92078",3,"0.4541",1,1,3,"6334","24800"
"4455",366289,"InterCoast Colleges-Orange","CA","0.4821","0.5179","0.3214","0.0179","0.5","0","0.0179","0","0","0.5297580118","0.238625363","Orange","92868",3,"0.9091",2,1,2,"9500","26100"
"4459",366401,"Las Positas College","CA","0.4991","0.5009","0.4236","0.0441","0.2829","0.1492","0.0018","0.0049","0.0658","0.4946682464","0.1169678715","Livermore","94551-7650",1,"0.0109",2,2,2,"6000","37400"
"4473",366711,"California State University-San Marcos","CA","0.3957","0.6043","0.323","0.0342","0.3965","0.0983","0.0041","0.0042","0.0542","0.4763217239","0.0728948471","San Marcos","92096-0001",1,"0.4107",4,3,1,"12500","49300"
"4476",366960,"Brightwood College-Modesto","CA","0.1936","0.8064","0.277","0.0221","0.5392","0.0466","0.0123","0.027","0","0.6077694236","0.175470009","Salida","95368",3,"0.5743",2,1,2,"8801","22000"
"4510",368771,"Hypnosis Motivation Institute","CA","0.28","0.72","0.6","0.0667","0.1467","0.04","0.0133","0","0.1333","0.3604651163","0.2666666667","Tarzana","91356-4159",2,"0.7845",1,1,3,"9500","31000"
"4511",368780,"Los Angeles ORT College-Los Angeles Campus","CA","0.3595","0.6405","0.2908","0.098","0.2157","0.3791","0","0","0","0.6560509554","0.4837905237","Los Angeles","90048",2,"0.2496",2,1,2,"6764","27200"
"4512",368805,"Everest College-West Los Angeles","CA","0.2735","0.7265","0.0588","0.2853","0.4559","0.0382","0.0088","0.0118","0.0647","0.6168505517","0.125","Los Angeles","90034-3169",3,"0.6374",2,1,2,"9245","27900"
"4535",371265,"Everest College-Ontario","CA","0.2207","0.7793","0.1443","0.1103","0.546","0.0226","0.0099","0.0113","0.0481","0.5767557489","0.1634527089","Ontario","91761-2338",3,"0.4887",1,1,3,"9500","25800"
"4537",371760,"Heald College-Stockton","CA","0.2751","0.7249","0.1971","0.119","0.3961","0.0966","0.0127","0.0195","0.0527","0.5363278975","0.1818086665","Stockton","95210",3,"0.7904",2,2,2,"9500","33400"
"4538",371779,"Heald College-Hayward","CA","0.2821","0.7179","0.1039","0.1633","0.3595","0.1315","0.0085","0.053","0.0414","0.5363278975","0.1818086665","Hayward","94545",3,"0.7702",2,2,2,"9500","39600"
"4540",371928,"Modern Technology School","CA","0.313","0.687","0.3893","0.0305","0.3282","0.0534","0.0076","0.0992","0.0534","0.5138888889","0.1467391304","Fountain Valley","92708-9821",3,"0.7589",1,1,2,"13039","40100"
"4541",371964,"National Career Education","CA","0.3404","0.6596","0.3617","0.1844","0.227","0.0851","0.0071","0.0071","0.0284","0.5281030445","0.2249408051","Rancho Cordova","95670",3,"0.7652",1,1,3,"7600","37100"
"4542",371982,"Everest College-Anaheim","CA","0.2438","0.7562","0.1512","0.0519","0.5598","0.0948","0.0068","0.0226","0.0361","0.6171875","0.1669626998","Anaheim","92801-5229",3,"0.5976",2,1,2,"9500","27800"
"4544",372028,"North-West College-Glendale","CA","0.1123","0.8877","0.3209","0.016","0.2567","0.0535","0","0","0","0.6568742656","0.1860053144","Glendale","91203",3,"0.9894",1,1,3,"8030","27700"
"4545",372037,"Everest College-City of Industry","CA","0.2565","0.7435","0.0585","0.0315","0.7177","0.0247","0.0067","0.0146","0.0461","0.6168505517","0.125","City of Industry","91746-1023",3,"0.6175",2,1,2,"9245","27900"
"4546",372073,"Fremont College","CA","0.3721","0.6279","0.062","0.2455","0.5013","0.0594","0","0.0155","0.031","0.5565217391","0.1431718062","Cerritos","90703",3,"0.7434",3,2,1,"20000","35400"
"4633",377722,"Bellus Academy-Poway","CA","0.019","0.981","0.5528","0.0163","0.2276","0.0569","0.0163","0.0163","0.0894","0.4306784661","0.2685788787","Poway","92064",3,"0.5732",1,1,2,"8764","22800"
"4634",377759,"Capstone College","CA","0.9","0.1","0.2","0.125","0.575","0.05","0.025","0.025","0","0.7169811321","0.1975308642","Pasadena","91103",3,"0.8627",1,1,3,"7146.5","27200"
"4635",378105,"Central Coast College","CA","0.1196","0.8804","0.0833","0.0109","0.8333","0.0181","0.0072","0.0072","0.0072","0.7640449438","0.131147541","Salinas","93901-3301",3,"0.3813",1,1,3,"5477","30000"
"4636",378406,"ITT Technical Institute-Torrance","CA","0.7638","0.2362","0.0993","0.2384","0.4923","0.0971","0.0022","0","0.0397","0.4972857507","0.2337406569","Torrance","90504",3,"0.8096",3,2,1,"13566","42800"
"4654",381255,"CET-Coachella","CA","0.6619","0.3381","0.0144","0.0144","0.9496","0.0072","0.0072","0","0.0072","0.6605664488","0.2064714946","Coachella","92236",2,"0.2634",1,1,3,"5278","24900"
"4655",381282,"CET-Oxnard","CA","0.605","0.395","0.0588","0","0.916","0.0252","0","0","0","0.6605664488","0.2064714946","Oxnard","93030",2,"0.3238",1,1,3,"5278","24900"
"4656",381325,"CET-Santa Maria","CA","0.2276","0.7724","0.069","0.0207","0.8759","0.0069","0","0","0.0276","0.6605664488","0.2064714946","Santa Maria","93458",2,"0.3563",1,1,3,"5278","24900"
"4672",381909,"ITT Technical Institute-San Bernardino","CA","0.7507","0.2493","0.2143","0.1545","0.4913","0.0481","0.0087","0","0.0583","0.4972857507","0.2337406569","San Bernardino","92408",3,"0.8699",3,2,1,"13566","42800"
"4673",381945,"Los Angeles ORT College-Van Nuys Campus","CA","0.3565","0.6435","0.7161","0.0063","0.2492","0.0284","0","0","0","0.6560509554","0.4837905237","Van Nuys","91411",2,"0.354",2,2,2,"6764","27200"
"4676",382267,"Royale College of Beauty","CA","0.2895","0.7105","0.3684","0.1842","0.4079","0.0263","0.0132","0","0","0.5714285714","0.2195121951","Temecula","92590",3,"0.4646",1,1,3,"6333","21400"
"4677",382276,"Westech College","CA","0.2346","0.7654","0.1754","0.1689","0.5789","0.011","0","0.0044","0.0066","0.6423611111","0.1604651163","Fontana","92335",3,"0.5935",1,1,3,"9323","29000"
"4746",395362,"Copper Mountain Community College","CA","0.3532","0.6468","0.5907","0.0386","0.2491","0.0342","0.0109","0.0044","0.0626","0.5169029444","0.3078994614","Joshua Tree","92252",1,"0.1043",2,2,2,"7750","32400"
"4747",395690,"Diversified Vocational College","CA","0.3461","0.6539","0.0589","0.0913","0.7275","0.0471","0.0015","0","0.0677","0.5541795666","0.2848","Los Angeles","90017-1604",3,"0.0418",1,1,3,"6250","21300"
"4749",397942,"UEI College-Fresno","CA","0.1749","0.8251","0.1544","0.0973","0.6587","0.0346","0.0035","0.0021","0.0212","0.6584038694","0.1478293413","Fresno","93726",3,"0.5833",1,1,3,"9500","29300"
"4750",398130,"Mt Sierra College","CA","0.7097","0.2903","0.172","0.0581","0.443","0.0946","0.0043","0.0194","0.071","0.4777777778","0.1308016878","Monrovia","91016",3,"0.8439",3,3,1,"23730","46400"
"4751",398574,"Wyotech-Long Beach","CA","0.9058","0.0942","0.1408","0.1224","0.6039","0.0405","0.0053","0.0158","0.0563","0.6168505517","0.125","Long Beach","90810-3800",3,"0.5098",2,1,2,"9245","27900"
"4753",399869,"Southern California Institute of Technology","CA","0.9506","0.0494","0.23","0.0798","0.4753","0.1635","0.0019","0.019","0.0228","0.5820610687","0.2551928783","Anaheim","92801-3758",3,"0.5262",3,1,1,"9500","32200"
"4755",400080,"Summit College","CA","0.3047","0.6953","0.1584","0.1433","0.4811","0.0543","0.0075","0.0528","0.0226","0.5487804878","0.2350993377","Colton","92324",3,"1",1,1,3,"8444","31800"
"4860",409698,"California State University-Monterey Bay","CA","0.3795","0.6205","0.3238","0.0643","0.423","0.0535","0.0051","0.0042","0.0616","0.4623194065","0.0807764559","Seaside","93955-8001",1,"0.477",4,3,1,"11525","43300"
"4861",409874,"Heald College-Salinas","CA","0.2566","0.7434","0.0616","0.0132","0.2947","0.0059","0.0015","0.0059","0.0044","0.5363278975","0.1818086665","Salinas","93906",3,"0.7917",2,2,2,"9500","33100"
"4866",410502,"Argosy University-The Art Institute of California-Hollywood","CA","0.5031","0.4969","0.2091","0.1586","0.4351","0.0643","0.0062","0.0243","0.0019","0.5099347495","0.1975711015","North Hollywood","91601",3,"0.8048",3,3,1,"10000","41300"
"4867",410520,"Sage College","CA","0.0713","0.9287","0.4668","0.0491","0.3145","0.0295","0","0.0172","0.113","0.4952380952","0.3360995851","Moreno Valley","92557-6720",3,"0.8949",2,1,2,"18700","35500"
"4871",411684,"Marian Health Careers Center-Los Angeles Campus","CA","0.265","0.735","0.0598","0.0513","0.2821","0.5214","0","0.0513","0","0.3185185185","0.2588235294","Los Angeles","90010",3,"0.5838",1,1,3,"14770","52600"
"4884",413680,"Spartan College of Aeronautics & Technology","CA","0.9469","0.0531","0.1715","0.1546","0.4831","0.1063","0.0024","0.0242","0","0.5233415233","0.1880819367","Inglewood","90301-2904",3,"0.7698",1,1,2,"20054","44700"
"4889",413848,"ITT Technical Institute-Oxnard","CA","0.7491","0.2509","0.3024","0.0825","0.4296","0.1065","0.0069","0.0034","0.0275","0.4972857507","0.2337406569","Oxnard","93036",3,"0.7404",3,2,1,"13566","42800"
"4921",416458,"Premiere Career College","CA","0.2757","0.7243","0.0476","0.0301","0.7494","0.1378","0.005","0.0175","0.0125","0.5911330049","0.2021466905","Irwindale","91706-3746",3,"0.9079",1,1,2,"9500","35600"
"4927",417062,"Estes Institute of Cosmetology Arts and Science","CA","0.0395","0.9605","0.3158","0.0132","0.5526","0.0395","0.0132","0","0.0526","0.6142857143","0.1458333333","Visalia","93291",3,"0.2773",1,1,3,"4475","18100"
"4929",417123,"Ventura Adult and Continuing Education","CA","0.5481","0.4519","0.4135","0.0288","0.4615","0.0673","0.0192","0.0096","0","0.58125","0.2058823529","Ventura","93003-0000",1,"0.1242",1,1,3,"3500","26600"
"4930",417132,"Marinello Schools of Beauty-Sacramento","CA","0.0433","0.9567","0.3333","0.1775","0.3788","0.0541","0.0087","0.013","0.0108","0.598755832","0.1563218391","Sacramento","95841",3,"0.6693",1,1,3,"8068","23600"
"5013",419183,"Central California School of Continuing Education","CA","0.1247","0.8753","0.4156","0.0078","0.4909","0.0234","0.0026","0.0078","0.0078","0.6024096386","0.2197309417","San Luis Obispo","93401",3,"0.8908",1,1,2,"5461","42800"
"5057",420608,"Colleen O'Haras Beauty Academy","CA","0.0317","0.9683","0.0476","0.0159","0.9127","0.0079","0","0","0","0.7441860465","0.1826923077","Santa Ana","92701-0000",3,"0.4907",1,1,3,"8731","20700"
"5076",422695,"Pacific College","CA","0.135","0.865","0.1277","0.0839","0.5803","0.1277","0","0.0073","0.0073","0.6","0.3133802817","Costa Mesa","92626",3,"0.6538",3,1,1,"16955","43500"
"5082",423980,"Le Cordon Bleu College of Culinary Arts-Pasadena","CA","0.5033","0.4967","0.1842","0.1049","0.0435","0.1088","0.0106","0.0123","0.005","0.5189340813","0.1106337272","Pasadena","91101",3,"0.7417",2,1,2,"11500","38900"
"5128",430342,"CET-Sacramento","CA","0.3642","0.6358","0.2252","0.3311","0.3377","0.0397","0.0199","0.0132","0.0331","0.6605664488","0.2064714946","Sacramento","95828",2,"0.3018",1,1,3,"5278","24900"
"5147",430980,"Everest College-Torrance","CA","0.162","0.838","0.1197","0.1479","0.4648","0.0634","0","0.0423","0.1338","0.6115107914","0.0653266332","Torrance","90501",3,"0.6753",1,1,3,"8022","23500"
"5154",431141,"Institute of Technology Inc","CA","0.4412","0.5588","0.3779","0.0477","0.3067","0.0235","0.0067","0.0007","0.0242","0.5640194489","0.2323117669","Clovis","93612",3,"0.6949",2,1,2,"9500","28800"
"5182",432302,"Brightwood College-Riverside","CA","0.2195","0.7805","0.2317","0.1098","0.6037","0.0061","0.0061","0.0183","0","0.5804540967","0.1402616279","Riverside","92507-0000",3,"0.525",2,1,2,"9400.5","39400"
"5185",432384,"Platt College-Ontario","CA","0.2947","0.7053","0.2181","0.0835","0.5708","0.0487","0.007","0.0046","0.058","0.585504886","0.1525320317","Ontario","91764",3,"0.6188",3,2,1,"18870.5","33500"
"5187",432533,"Argosy University-The Art Institute of California-Los Angeles","CA","0.5787","0.4213","0.0634","0.0327","0.3886","0.0167","0.0014","0.0042","0.0097","0.5099347495","0.1975711015","Santa Monica","90405-3035",3,"0.7998",3,3,1,"10000","41300"
"5188",433004,"American University of Health Sciences","CA","0.2993","0.7007","0.0876","0.073","0.146","0.6387","0","0.0073","0.0438","0.3064516129","0.2374100719","Signal Hill","90755-3612",3,"0.8643",4,3,1,"29000","40900"
"5189",433013,"Career Networks Institute","CA","0.2427","0.7573","0.2688","0.086","0.4194","0.1751","0.0123","0.0046","0.0046","0.4540059347","0.228742515","Orange","92868-4710",3,"0.731",1,1,2,"11687","28100"
"5197",433420,"Santa Barbara Business College-Ventura","CA","0.183","0.817","0.2281","0.0769","0.6154","0.0212","0.008","0.008","0.0159","0.603125","0.2325581395","Ventura","93003",3,"0.8635",4,2,1,"13400","35200"
"5206",434140,"Pima Medical Institute-Chula Vista","CA","0.2431","0.7569","0.2653","0.061","0.5161","0.1077","0.0044","0.0022","0.0266","0.5067976493","0.2110944313","Chula Vista","91910",3,"0.659",2,1,2,"8445","29800"
"5211",434317,"Charter College-Canyon Country","CA","0.2015","0.7985","0.1864","0.2298","0.4925","0.0085","0.0028","0.0508","0.0207","0.5561850803","0.1443020904","Canyon Country","91351",3,"0.5072",2,1,1,"9500","27900"
"5252",436438,"Argosy University-Orange County","CA","0.4459","0.5541","0.2613","0.1306","0.4685","0.0856","0.009","0.0225","0","0.5099347495","0.1975711015","Orange","92868",3,"0.652",4,3,1,"10000","41300"
"5271",437219,"ITT Technical Institute-Lathrop","CA","0.7516","0.2484","0.3376","0.0807","0.3567","0.1189","0.017","0","0.0573","0.4972857507","0.2337406569","Lathrop","95330",3,"0.7927",3,2,1,"13566","42800"
"5279",437662,"ICDC College","CA","0.2184","0.7816","0.19","0.513","0.1679","0.0036","0.0089","0.0021","0.0438","0.5910430171","0.2078134588","Huntington Park","90255",3,"0.5358",2,1,2,"8401.5","24100"
"5282",437750,"Professional Golfers Career College","CA","0.9113","0.0887","0.746","0.0242","0.0484","0.0847","0.0161","0","0","0.3630136986","0.1910828025","Temecula","92591",3,"0.6038",2,2,2,"12000","41700"
"5285",437848,"Westwood College-Anaheim","CA","0.5374","0.4626","0.1514","0.0306","0.6207","0.034","0.0068","0.0051","0.0204","0.5966555184","0.1782082324","Anaheim","92806",3,"0.8044",3,3,1,"23125","39000"
"5287",437884,"InterCoast Colleges-Burbank","CA","0.7708","0.2292","0.3542","0.0833","0.5208","0","0","0","0.0208","0.5297580118","0.238625363","Burbank","91502",3,"0.9462",1,1,3,"9500","26100"
"5288",437936,"Carrington College-San Jose","CA","0.123","0.877","0.241","0.0186","0.4845","0.1839","0.0112","0.0298","0.0261","0.5172798216","0.1471196455","San Jose","95138",3,"0.6076",2,1,2,"12117","31100"
"5293",438258,"Carrington College-Pleasant Hill","CA","0.1853","0.8147","0.3973","0.1202","0.2671","0.1202","0.0134","0.025","0.025","0.5172798216","0.1471196455","Pleasant Hill","94523",3,"0.6401",2,1,2,"12117","31100"
"5299",438504,"Universal Technical Institute of California Inc","CA","0.9746","0.0254","0.2274","0.0334","0.5751","0.037","0.008","0.0089","0.0749","0.532370855","0.1262872121","Rancho Cucamonga","91730-0000",3,"0.6714",1,1,2,"14243","45700"
"5322",439367,"CBD College","CA","0.3285","0.6715","0.2749","0.1825","0.4234","0.1022","0","0.017","0","0.5234899329","0.1518324607","Los Angeles","90010",2,"0.9849",1,1,2,"9500","22700"
"5346",439826,"Bryan College-Gold River","CA","0.6471","0.3529","0.3647","0.1176","0.1647","0.0471","0","0.0471","0.1412","0.4915254237","0.1780821918","Gold River","95670-4443",3,"0.4474",2,2,2,"18000","41600"
"5349",439871,"PCI College","CA","0.1489","0.8511","0.2021","0.117","0.5851","0.0426","0.0106","0","0","0.5802469136","0.137254902","Cerritos","90703",3,"0.6345",1,1,2,"12000","43600"
"5351",439905,"American Career College-Lynwood","CA","0.0743","0.9257","0.0099","0.2079","0.7079","0.0099","0","0.0347","0.0198","0.6291666667","0.1611111111","Lynwood","90262",3,"0.956",0,0,3,"9500","49400"
"5370",440299,"Everest College-Ontario Metro","CA","0.4","0.6","0.1486","0.0931","0.6139","0.05","0","0.0139","0.0653","0.5629791895","0.216730038","Ontario","91761",3,"0.8181",3,2,1,"13283","27600"
"5380",440484,"Westwood College-Inland Empire","CA","0.5181","0.4819","0.0857","0.0531","0.6292","0.0145","0.0012","0.0036","0.0133","0.5966555184","0.1782082324","Upland","91786-7148",3,"0.764",3,3,1,"23125","39000"
"5390",440819,"Miami Ad School-San Francisco","CA","0.4891","0.5109","0.3696","0.0109","0.0326","0.1196","0","0","0","0.2034883721","0.097826087","San Francisco","94109",3,"0.2519",1,1,2,"16333","81700"
"5403",441052,"American Career College-Anaheim","CA","0.2735","0.7265","0.1406","0.053","0.5117","0.1788","0.0028","0.0283","0.0806","0.5788822948","0.1301510989","Anaheim","92801-0000",3,"0.6324",2,1,2,"9500","32900"
"5412",441229,"West Coast Ultrasound Institute","CA","0.2649","0.7351","0.4745","0.0786","0.3392","0.1077","0","0","0","0.5018939394","0.2285938727","Beverly Hills","90211",3,"0.3367",2,1,2,"16500","56000"
"5457",441973,"Argosy University-The Art Institute of California-Orange County","CA","0.5321","0.4679","0.1651","0.0247","0.3959","0.0805","0.0042","0.0092","0.0289","0.5099347495","0.1975711015","Santa Ana","92704",3,"0.8075",3,3,1,"10000","41300"
"5465",442204,"David's Academy of Beauty","CA","0.1667","0.8333","0","0.0111","0.5111","0.4556","0","0","0","0.7888198758","0.575","Pico Rivera","90660",3,"0.0479",1,1,3,"1717.5","17200"
"5469",442240,"Paul Mitchell the School-Costa Mesa","CA","0.1217","0.8783","0.5399","0.0456","0.2624","0.0532","0","0.0304","0.0456","0.435723115","0.1411140584","Costa Mesa","92626",3,"0.4381",1,1,3,"9833","24700"
"5486",442657,"Milan Institute-Palm Desert","CA","0.2009","0.7991","0.0855","0.0256","0.8504","0.0043","0.0085","0.0043","0.0043","0.6828752643","0.1469387755","Palm Desert","92211",3,"0.5968",1,1,3,"9235","22800"
"5497",442888,"InterCoast Colleges-Riverside","CA","0.6701","0.3299","0.2732","0.1753","0.433","0.0103","0","0.0052","0","0.5297580118","0.238625363","Riverside","92507",3,"0.7707",1,1,3,"9500","26100"
"5499",442930,"University of Antelope Valley","CA","0.3798","0.6202","0.2842","0.1886","0.4794","0.0199","0.004","0.008","0.0013","0.546875","0.1542497377","Lancaster","93534",3,"0.5263",4,1,1,"8613","27800"
"5536",443571,"InterCoast Colleges-West Covina","CA","0.7099","0.2901","0.0763","0.0687","0.7405","0.0305","0.0076","0","0.0076","0.5297580118","0.238625363","West Covina","91790",3,"0.8538",1,1,3,"9500","26100"
"5646",445364,"North-West College-Riverside","CA","0.129","0.871","0.0905","0.0724","0.5045","0.0271","0","0.0136","0","0.5852918878","0.1893258427","Riverside","92503",3,"0.94",1,1,3,"8698","23200"
"5744",447102,"Brightwood College-Bakersfield","CA","0.2326","0.7674","0.1008","0.0465","0.7313","0","0.0026","0.0052","0","0.6404833837","0.169198895","Bakersfield","93304",3,"0.62",2,1,2,"9334","28400"
"5745",447120,"Brightwood College-Fresno","CA","0.1477","0.8523","0.2424","0.0189","0.6591","0.0417","0.0076","0","0","0.6077694236","0.175470009","Clovis","93612",3,"0.5822",2,1,2,"8801","22000"
"5756",447272,"Argosy University-Los Angeles","CA","0.3838","0.6162","0.0707","0.4175","0.431","0.0303","0.0034","0.0067","0","0.5099347495","0.1975711015","Los Angeles","90045",3,"0.7492",4,3,1,"10000","41300"
"5777",447634,"Brightwood College-Palm Springs","CA","0.2322","0.7678","0.1478","0.0475","0.781","0.0079","0","0.0132","0","0.5644937587","0.2474934037","Palm Springs","92262-7011",3,"0.59",2,1,2,"8630","32100"
"5828",448433,"Universal Technical Institute of Northern California Inc","CA","0.9618","0.0382","0.3392","0.0333","0.3952","0.0493","0.01","0.0188","0.1081","0.5212620027","0.1720139157","Sacramento","95834",3,"0.6739",1,1,2,"15188","37000"
"5830",448451,"ITT Technical Institute-Clovis","CA","0.7418","0.2582","0.2835","0.0684","0.4557","0.0481","0.0304","0","0.0278","0.4972857507","0.2337406569","Clovis","93612",3,"0.795",3,2,1,"13566","42800"
"5838",448576,"Argosy University-The Art Institute of California-Inland Empire","CA","0.5684","0.4316","0.1864","0.1287","0.5167","0.0334","0.0076","0.0238","0","0.5099347495","0.1975711015","San Bernardino","92408-2800",3,"0.8617",3,2,1,"10000","41300"
"5859",448895,"Milan Institute-Clovis","CA","0.1083","0.8917","0.2621","0.0769","0.5556","0.0456","0.0171","0.0256","0","0.5726681128","0.1839879154","Clovis","93612",3,"0.6291",1,1,3,"8971","17700"
"5926",449968,"Paul Mitchell the School-San Diego","CA","0.1115","0.8885","0.4496","0.0791","0.3669","0.0755","0.0072","0.0108","0.0036","0.435723115","0.1411140584","San Diego","92101",3,"0.5584",1,1,3,"9833","24700"
"5937",450094,"Argosy University-The Art Institute of California-Sacramento","CA","0.565","0.435","0.2125","0.0373","0.2598","0.0302","0.002","0.007","0.0161","0.5099347495","0.1975711015","Sacramento","95833",3,"0.8363",3,3,1,"10000","41300"
"5959",450447,"International Academy of Design and Technology-Sacramento","CA","0.3667","0.6333","0.1833","0.1","0.0333","0.0833","0","0.05","0.0167","0.4570059205","0.2078068592","Sacramento","95834",3,"0.8705",3,3,1,"14750","30800"
"5963",450526,"Argosy University-Inland Empire","CA","0.2779","0.7221","0.1362","0.3433","0.4169","0.0218","0.0027","0.0109","0.0054","0.5099347495","0.1975711015","Ontario","91761",3,"0.7597",4,3,1,"10000","41300"
"5965",450544,"Argosy University-San Diego","CA","0.4573","0.5427","0.3034","0.3205","0.2479","0.0641","0","0.0256","0","0.5099347495","0.1975711015","San Diego","92108",3,"0.4556",4,3,1,"10000","41300"
"5975",450669,"InterCoast Colleges-Carson","CA","0.6","0.4","0.12","0.296","0.472","0.032","0.032","0.008","0","0.5297580118","0.238625363","Carson","90745",3,"0.7063",1,1,3,"9500","26100"
"5977",450696,"Carrington College-Stockton","CA","0.1129","0.8871","0.2896","0.0747","0.4627","0.0838","0.0091","0.0273","0.0328","0.5172798216","0.1471196455","Stockton","95207",3,"0.6711",2,1,2,"12117","31100"
"5978",450702,"Carrington College-Citrus Heights","CA","0.1644","0.8356","0.6132","0.0696","0.147","0.0368","0.0271","0.0271","0.0464","0.5172798216","0.1471196455","Citrus Heights","95621",3,"0.6232",2,1,2,"12117","31100"
"6060",451848,"Argosy University-The Art Institute of California-Silicon Valley","CA","0.5344","0.4656","0.2225","0.0436","0.3945","0.1743","0.0092","0.0229","0","0.5099347495","0.1975711015","Sunnyvale","94086",3,"0.8684",3,3,1,"10000","41300"
"6077",452036,"Le Cordon Bleu College of Culinary Arts-Sacramento","CA","0.5314","0.4686","0.3428","0.1195","0.0346","0.0629","0.0126","0.0283","0.0063","0.4386288242","0.1874247894","Sacramento","95834",3,"0.8507",1,1,2,"10892","35300"
"6127",454546,"Milan Institute of Cosmetology-Fairfield","CA","0","1","0.2289","0.4217","0.2651","0","0","0.0241","0.012","0.5827374872","0.2455308282","Fairfield","94533",3,"0.6257",1,1,3,"8500","21900"
"6129",454573,"Milan Institute of Cosmetology-Visalia","CA","0.0498","0.9502","0.2537","0.0299","0.6716","0.01","0.0149","0","0.005","0.5827374872","0.2455308282","Visalia","93277",3,"0.5795",1,1,3,"8500","21900"
"6269",456427,"ITT Technical Institute-Concord","CA","0.7897","0.2103","0.3004","0.1717","0.2403","0.1674","0.0043","0.0086","0.0472","0.4972857507","0.2337406569","Concord","94520",3,"0.7636",3,2,1,"13566","42800"
"6307",457077,"Milan Institute-Bakersfield","CA","0.0461","0.9539","0.3862","0.0893","0.4496","0.0144","0.0144","0.0202","0","0.5726681128","0.1839879154","Bakersfield","93301",3,"0.6819",1,1,3,"8971","17700"
"6315",457208,"InterCoast Colleges-Elk Grove","CA","0.6625","0.3375","0.2125","0.3125","0.175","0.1","0.025","0.0125","0.025","0.5297580118","0.238625363","Elk Grove","95624",3,"0.9213",1,1,3,"9500","26100"
"6398",458186,"Brightwood College-Chula Vista","CA","0.1756","0.8244","0.0394","0.1147","0.7563","0.0466","0","0.0179","0","0.487704918","0.2664092664","Chula Vista","91910",3,"0.5822",2,1,2,"9476.5","39000"
"6399",458195,"InterCoast Colleges-Roseville","CA","0.8438","0.1563","0.4688","0.0625","0.25","0.1563","0.0313","0","0","0.5297580118","0.238625363","Roseville","92678",3,"1",1,1,3,"9500","26100"
"6512",459639,"ITT Technical Institute-Corona","CA","0.8184","0.1816","0.3274","0.0852","0.4305","0.0561","0.0112","0.0022","0.0538","0.4972857507","0.2337406569","Corona","92883",3,"0.7871",3,2,1,"13566","42800"
"6517",459684,"ITT Technical Institute-West Covina","CA","0.5","0.5","0","0","1","0","0","0","0","0.4972857507","0.2337406569","San Dimas","91773",3,"0.8514",3,2,1,"13566","42800"
"6518",459693,"ITT Technical Institute-Culver City","CA","0.7949","0.2051","0.0737","0.3109","0.4776","0.0481","0.0064","0","0.0353","0.4972857507","0.2337406569","Culver City","90230",3,"0.8339",3,2,1,"13566","42800"
"6528",459930,"Heald College-Modesto","CA","0.1909","0.8091","0.165","0.0162","0.1855","0.0162","0.0065","0.0097","0.0194","0.5363278975","0.1818086665","Salida","95367",3,"0.7853",2,2,2,"9500","39600"
"6553",460367,"Everest College-Santa Ana","CA","0.1441","0.8559","0.1171","0.018","0.6727","0.0571","0.009","0.006","0.015","0.5958062184","0.2448687351","Santa Ana","92701",3,"0.6072",1,1,3,"9500","26500"
"6560",460516,"Milan Institute of Cosmetology-La Quinta","CA","0.0455","0.9545","0.1818","0.0341","0.7216","0.017","0.0114","0.017","0","0.5827374872","0.2455308282","La Quinta","92253",3,"0.7108",1,1,3,"8500","21900"
"6713",467058,"ITT Technical Institute-Oakland","CA","0.7529","0.2471","0.1412","0.3647","0.2765","0.1235","0.0059","0","0.0294","0.4972857507","0.2337406569","Oakland","94612",3,"0.787",2,2,1,"13566","42800"
"6717",467368,"Carrington College-Pomona","CA","0.1203","0.8797","0.238","0.0374","0.6471","0.0428","0.0027","0.0107","0.0053","0.5172798216","0.1471196455","Pomona","91768-2642",3,"0.6082",2,1,2,"12117","31100"
"6752",468769,"CET-Soledad","CA","0.3191","0.6809","0","0.0106","0.9787","0.0106","0","0","0","0.6605664488","0.2064714946","Soledad","93960-2996",2,"0.2088",1,1,3,"5278","24900"
"6788",474863,"Azusa Pacific University College","CA","0.3204","0.6796","0.3204","0.1536","0.364","0.055","0.0038","0.0114","0.0246","0.3616438356","0.1867158672","San Dimas","91773",2,"0.7906",3,1,1,"18500","53300"
"6803",475097,"International Culinary Center-California","CA","0.4651","0.5349","0.4496","0","0.1008","0.2403","0.0078","0","0.1783","0.3937007874","0.1158129176","Campbell","95008",3,"0.1977",1,1,3,"6333","45900"
"6810",475282,"Marian Health Careers Center-Van Nuys Campus","CA","0.2222","0.7778","0.127","0.0476","0.3651","0.3492","0.0159","0.0476","0.0476","0.3185185185","0.2588235294","Van Nuys","91411",3,"0.6641",1,1,3,"14770","52600"
"6969",480204,"Platt College-Riverside","CA","0.1759","0.8241","0.2241","0.106","0.5952","0.0241","0.0024","0","0.0458","0.585504886","0.1525320317","Riverside","92507",3,"0.7275",2,2,1,"18870.5","33500"
