"","UNITID","INSTNM","STABBR","UGDS_MEN","UGDS_WOMEN","UGDS_WHITE","UGDS_BLACK","UGDS_HISP","UGDS_ASIAN","UGDS_AIAN","UGDS_NHPI","UGDS_2MOR","FIRST_GEN","MARRIED","CITY","ZIP","CONTROL","PCTFLOAN","HIGHDEG","PREDDEG","ICLEVEL","DEBT_MDN","MN_EARN_WNE_P10","GENDER_DIV","RACE_DIV","MARITAL_STATUS_DIV","FIRST_GEN_DIV","DIV_SCORE"
"122",116484,"ITT Technical Institute-Orange","CA",0.8008,0.1992,0.2912,0.0536,0.4777,0.1188,0.0102,0.0013,0.0255,0.4972857507,0.2337406569,"Orange","92868",3,0.7959,3,2,1,13566,42800,0.63324277188435,0.901338163507635,0.954017663877175,0.999509074179081,0.87202691836206
"102",114947,"Gemological Institute of America-Carlsbad","CA",0.4465,0.5535,0.3349,0.0186,0.0605,0.0884,0.0093,0,0.0372,0.2892561983,0.1029411765,"Carlsbad","92008",2,0.1995,1,1,3,8233,45100,0.989390830253284,0.638282516069763,0.984949438293682,0.902306985384088,0.878732442500204
"217",122685,"San Joaquin Valley College-Visalia","CA",0.2851,0.7149,0.2577,0.0801,0.5058,0.0514,0.0084,0.01,0.0648,0.5826513912,0.1988890394,"Visalia","93291-9283",3,0.6466,2,2,2,12000,30900,0.818691459063345,0.812673501867889,0.98447229565763,0.990588943578811,0.901606550041919
"23",110413,"California Lutheran University","CA",0.4437,0.5563,0.5098,0.0432,0.2547,0.0657,0.0114,0.0057,0.0272,0.304099142,0.045178106,"Thousand Oaks","91360-2787",2,0.5765,4,3,1,19000,55500,0.988205851293621,0.872671910215917,0.926257225058587,0.914830238493663,0.925491306265447
"183",120087,"North-West College-Pasadena","CA",0.181,0.819,0.0995,0.086,0.5566,0.086,0,0.0271,0,0.6398104265,0.1401273885,"Pasadena","91101",3,0.7157,1,1,3,8190,25300,0.598037568601098,0.511773994965876,0.999279670367234,0.968740836516099,0.769458017612577
"189",120768,"Pacific Oaks College","CA",0.0768,0.9232,0.2365,0.0996,0.5353,0.0228,0.0041,0.0062,0.0104,0.536977492,0.3287037037,"Pasadena","91103",2,0.7735,4,3,1,18750,40700,0.29035088561417,0.691583435927955,0.78914670175205,0.998894342049674,0.692493841335962
"316",419183,"Central California School of Continuing Education","CA",0.1247,0.8753,0.4156,0.0078,0.4909,0.0234,0.0026,0.0078,0.0078,0.6024096386,0.2197309417,"San Luis Obispo","93401",3,0.8908,1,1,2,5461,42800,0.44257952127234,0.753724197637848,0.968199472219655,0.984476728590819,0.787244979930166
"144",117894,"Los Medanos College","CA",0.4681,0.5319,0.2854,0.154,0.3705,0.0924,0.0012,0.0063,0.0735,0.5244969379,0.1047819972,"Pittsburg","94565",1,0.0077,2,2,2,3500,40900,0.996423902782445,0.809976929886669,0.986091029848798,0.999749442165763,0.948060326170919
"211",122409,"San Diego State University","CA",0.4503,0.5497,0.3501,0.0362,0.3104,0.1326,0.0025,0.0026,0.0639,0.4095003085,0.0553948355,"San Diego","92182",1,0.3683,4,3,1,13997,52000,0.99089869437911,0.934024083714913,0.939865115270506,0.979061258898287,0.960962288065704
"66",112084,"San Diego Christian College","CA",0.4979,0.5021,0.4574,0.1372,0.1989,0.0223,0.0043,0.0128,0.0383,0.3996062992,0.1784452297,"Santee","92071",2,0.8845,4,3,1,15544,37000,0.99999995999936,0.728867655071758,0.994827597427735,0.974873330697474,0.924642135799082
"240",123572,"Sonoma State University","CA",0.3789,0.6211,0.5105,0.0219,0.2637,0.0456,0.0053,0.0023,0.0671,0.4096701649,0.0427824951,"Rohnert Park","94928-3609",1,0.4079,4,3,1,14000,49400,0.943259852157635,0.821108423396403,0.922865752592351,0.979129824414622,0.916590963140253
"338",438258,"Carrington College-Pleasant Hill","CA",0.1853,0.8147,0.3973,0.1202,0.2671,0.1202,0.0134,0.025,0.025,0.5172798216,0.1471196455,"Pleasant Hill","94523",3,0.6401,2,1,2,12117,31100,0.60886858189731,0.870107098225507,0.999922251967245,0.999966889446375,0.869716205384109
"108",115393,"Hartnell College","CA",0.5162,0.4838,0.148,0.0207,0.6786,0.0444,0.0019,0.0035,0.0191,0.6756453423,0.0873330927,"Salinas","93901",1,0,2,2,2,4500,34600,0.998675018800301,0.433166814708379,0.973460925096407,0.948549557662159,0.838463079066812
"152",118277,"Brightwood College-San Diego","CA",0.2444,0.7556,0.2856,0.0996,0.3245,0.2086,0.0093,0.0233,0,0.487704918,0.2664092664,"San Diego","92123",3,0.5589,2,1,2,9476.5,39000,0.742744043904702,0.822987685770277,0.910818171959791,0.998737522958609,0.868821856148345
"290",378406,"ITT Technical Institute-Torrance","CA",0.7638,0.2362,0.0993,0.2384,0.4923,0.0971,0.0022,0,0.0397,0.4972857507,0.2337406569,"Torrance","90504",3,0.8096,3,2,1,13566,42800,0.717396918350694,0.290379815621521,0.954017663877175,0.999509074179081,0.740325868007118
"254",125170,"Berkeley City College","CA",0.4467,0.5533,0.2758,0.1798,0.243,0.1643,0.003,0.0034,0.0706,0.460203471,0.0697674419,"Berkeley","94704",1,0.0216,2,1,2,5775,36100,0.989473071569145,0.71279300369987,0.956660688953829,0.994535477283827,0.913365560376668
"78",113218,"Cuyamaca College","CA",0.4674,0.5326,0.4613,0.0579,0.3313,0.0605,0.0041,0.0049,0.0598,0.6077322018,0.2789757412,"El Cajon","92019",1,0.0114,2,2,2,3500,32600,0.996254500072001,0.920675849374913,0.890424810612552,0.982570050770668,0.947481302707533
"135",117690,"Los Angeles Harbor College","CA",0.4061,0.5939,0.1346,0.1124,0.5751,0.1064,0.0017,0.0087,0.0327,0.5853444493,0.0708215297,"Wilmington","90744-2397",1,0.0126,2,2,2,3500,35600,0.966217019472312,0.642051824734814,0.957784459484725,0.989845404207412,0.888974676974816
"136",117706,"Los Angeles Pierce College","CA",0.4607,0.5393,0.2899,0.059,0.4616,0.1106,0.002,0.0015,0.0314,0.5508091833,0.112670068,"Woodland Hills","91371-0002",1,0.0521,2,2,2,9500,38100,0.994434750956015,0.90111507943934,0.990473068553259,0.997237447229097,0.970815086544428
"259",125897,"Woodbury University","CA",0.5019,0.4981,0.3509,0.0376,0.2682,0.0781,0.0023,0.012,0.0278,0.3904761905,0.0625,"Burbank","91510-7846",2,0.6573,4,3,1,27000,50400,0.999939159026544,0.879880906916787,0.948511090695653,0.970670268433124,0.949750356268027
"201",121886,"Rio Hondo College","CA",0.5342,0.4658,0.0819,0.0138,0.7978,0.0734,0.0019,0.0011,0.0093,0.6715557884,0.0577693041,"Whittier","90601-1616",1,0.0075,2,2,2,4750,36700,0.994758156130498,0.114796083221987,0.942829123012548,0.951106818827639,0.750872545298168
"266",248846,"Fashion Institute of Design & Merchandising-San Diego","CA",0.0634,0.9366,0.3732,0.0352,0.3732,0.0775,0.0141,0.0282,0.0141,0.3405762872,0.0307298335,"San Diego","92101-4903",3,0.7041,2,2,2,12000,41800,0.244479271668347,0.851585605143073,0.904646005003693,0.941958627863565,0.735667377419669
"374",452036,"Le Cordon Bleu College of Culinary Arts-Sacramento","CA",0.5314,0.4686,0.3428,0.1195,0.0346,0.0629,0.0126,0.0283,0.0063,0.4386288242,0.1874247894,"Sacramento","95834",3,0.8507,1,1,2,10892,35300,0.995537688603018,0.490524881087855,0.990963052872291,0.989175707177044,0.866550332435052
"278",371265,"Everest College-Ontario","CA",0.2207,0.7793,0.1443,0.1103,0.546,0.0226,0.0099,0.0113,0.0481,0.5767557489,0.1634527089,"Ontario","91761-2338",3,0.4887,1,1,3,9500,25800,0.692413918622698,0.604911103548786,0.998892542229,0.992118024721678,0.822083897280541
"156",118541,"Marymount California University","CA",0.4641,0.5359,0.1934,0.082,0.3517,0.0387,0.0028,0.0083,0.0304,0.4276923077,0.0305343511,"Rancho Palos Verdes","90275-6299",2,0.5702,3,3,1,12524,39200,0.995403086449383,0.770257163035719,0.904334593855547,0.985765874148815,0.913940179372366
"64",111966,"Charles R Drew University of Medicine and Science","CA",0.5362,0.4638,0.087,0.3188,0.2029,0.1014,0,0,0.2029,0.425,0.0895522388,"Los Angeles","90059",2,0.7529,4,2,1,23750,63900,0.994162946607146,-0.733641275990845,0.975291722107815,0.984854950855132,0.555167085894812
"284",372028,"North-West College-Glendale","CA",0.1123,0.8877,0.3209,0.016,0.2567,0.0535,0,0,0,0.6568742656,0.1860053144,"Glendale","91203",3,0.9894,1,1,3,8030,27700,0.404932518920303,0.758738350607676,0.991645239475054,0.959750358259044,0.778766616815519
"324",432384,"Platt College-Ontario","CA",0.2947,0.7053,0.2181,0.0835,0.5708,0.0487,0.007,0.0046,0.058,0.585504886,0.1525320317,"Ontario","91764",3,0.6188,3,2,1,18870.5,33500,0.834673794780716,0.719984716602689,0.999973661415551,0.989800216333271,0.886108097283057
"372",450702,"Carrington College-Citrus Heights","CA",0.1644,0.8356,0.6132,0.0696,0.147,0.0368,0.0271,0.0271,0.0464,0.5172798216,0.1471196455,"Citrus Heights","95621",3,0.6232,2,1,2,12117,31100,0.554837037392598,0.629215637553472,0.999922251967245,0.999966889446375,0.795985454089923
"393",475282,"Marian Health Careers Center-Van Nuys Campus","CA",0.2222,0.7778,0.127,0.0476,0.3651,0.3492,0.0159,0.0476,0.0476,0.3185185185,0.2588235294,"Van Nuys","91411",3,0.6641,1,1,3,14770,52600,0.695732571721148,0.279302423573899,0.922113131224727,0.926173869716578,0.705830499059088
"178",119775,"Newschool of Architecture and Design","CA",0.7306,0.2694,0.2528,0.0222,0.3778,0.0972,0,0,0.0389,0.5140186916,0.106870229,"San Diego","92101",3,0.6747,4,3,1,28500,47100,0.783585497367958,0.851330488431545,0.987331552297176,0.999998555787918,0.905561523471149
"383",459684,"ITT Technical Institute-West Covina","CA",0.5,0.5,0,0,1,0,0,0,0,0.4972857507,0.2337406569,"San Dimas","91773",3,0.8514,3,2,1,13566,42800,0.999983999743996,-0.753574468085106,0.954017663877175,0.999509074179081,0.549984067428786
"127",117113,"Argosy University-The Art Institute of California-San Diego","CA",0.5435,0.4565,0.0092,0.0037,0.3452,0.0061,0.0012,0.0012,0,0.5099347495,0.1975711015,"San Diego","92108-4423",3,0.6426,3,3,1,10000,41300,0.99171886750188,0.321355552522036,0.985307305289883,0.999979756421547,0.824590370433837
"345",440484,"Westwood College-Inland Empire","CA",0.5181,0.4819,0.0857,0.0531,0.6292,0.0145,0.0012,0.0036,0.0133,0.5966555184,0.1782082324,"Upland","91786-7148",3,0.764,3,3,1,23125,39000,0.998383934142946,0.390746431829148,0.994915084575273,0.986413796516755,0.84261481176603
"251",125028,"Ventura College","CA",0.4517,0.5483,0.2991,0.0248,0.5658,0.047,0.0048,0.0023,0.0371,0.5692254969,0.0779936975,"Ventura","93003-3872",1,0.0333,2,2,2,6000,36400,0.991425102801645,0.750888826607057,0.965038837877105,0.993874038599438,0.925306701471311
"320",430342,"CET-Sacramento","CA",0.3642,0.6358,0.2252,0.3311,0.3377,0.0397,0.0199,0.0132,0.0331,0.6605664488,0.2064714946,"Sacramento","95828",2,0.3018,1,1,3,5278,24900,0.928389094225508,-0.119132207382911,0.979219962154627,0.957655706057756,0.686533138763745
"65",112075,"Concordia University-Irvine","CA",0.3646,0.6354,0.4628,0.0324,0.1783,0.0626,0.0042,0.0048,0.0387,0.3009367681,0.0493697479,"Irvine","92612-3203",2,0.6581,4,3,1,17750,47700,0.928816621065937,0.806402857915962,0.932007928426716,0.91223407031412,0.894865369430684
"225",122889,"Santa Barbara City College","CA",0.467,0.533,0.4245,0.0342,0.3159,0.0512,0.0034,0.0014,0.048,0.4460719041,0.0710640711,"Santa Barbara","93109-2394",1,0.0994,2,2,2,5745,39300,0.996155938495016,0.889061293176984,0.958040945559796,0.991229755651244,0.95862198322076
"353",442888,"InterCoast Colleges-Riverside","CA",0.6701,0.3299,0.2732,0.1753,0.433,0.0103,0,0.0052,0,0.5297580118,0.238625363,"Riverside","92507",3,0.7707,1,1,3,9500,26100,0.88152446439143,0.593527626479241,0.948459873847114,0.999462998458603,0.855743740794097
"47",111009,"Le Cordon Bleu College of Culinary Arts-San Francisco","CA",0.5543,0.4457,0.0317,0.009,0.0113,0.0271,0.0045,0.0023,0.0113,0.4093567251,0.1521197007,"San Francisco","94103",3,0.5358,2,1,2,9500,40100,0.987321037136594,0.0871491341914002,0.999983440040802,0.979003211237834,0.763364205651657
"118",116226,"Interior Designers Institute","CA",0.069,0.931,0.6601,0.0148,0.1527,0.1084,0.0049,0,0.0246,0.3802816901,0.2345679012,"Newport Beach","92660",3,0.4068,4,2,1,23500,41800,0.263824221187539,0.649110391205565,0.953098726514023,0.965593304776748,0.707906660920969
"306",409874,"Heald College-Salinas","CA",0.2566,0.7434,0.0616,0.0132,0.2947,0.0059,0.0015,0.0059,0.0044,0.5363278975,0.1818086665,"Salinas","93906",3,0.7917,2,2,2,9500,33100,0.766900430406886,0.432302210527598,0.993505548291694,0.998953825289702,0.79791550362897
"274",366960,"Brightwood College-Modesto","CA",0.1936,0.8064,0.277,0.0221,0.5392,0.0466,0.0123,0.027,0,0.6077694236,0.175470009,"Salida","95368",3,0.5743,2,1,2,8801,22000,0.629356629706075,0.666308631199023,0.995871778036451,0.982556328202117,0.818523341785917
"291",381255,"CET-Coachella","CA",0.6619,0.3381,0.0144,0.0144,0.9496,0.0072,0.0072,0,0.0072,0.6605664488,0.2064714946,"Coachella","92236",2,0.2634,1,1,3,5278,24900,0.892545440727052,-0.499771659664655,0.979219962154627,0.957655706057756,0.582412362318695
"212",122436,"University of San Diego","CA",0.448,0.552,0.5421,0.0299,0.1932,0.0647,0.005,0.003,0.0575,0.2286666667,0.0187969925,"San Diego","92110-2492",2,0.4204,4,3,1,19740,66300,0.98999983999744,0.790801173912472,0.884706140902933,0.842280072429006,0.876946806810463
"172",119456,"Everest College-Gardena","CA",0.158,0.842,0.033,0.4127,0.3868,0.0236,0.0047,0.0118,0.0542,0.5487922705,0.1446718419,"Gardena","90247",3,0.5866,1,1,3,9500,26500,0.537592601481624,-1.09245103313418,0.999771194326677,0.997525489449739,0.360609563030966
"272",366401,"Las Positas College","CA",0.4991,0.5009,0.4236,0.0441,0.2829,0.1492,0.0018,0.0049,0.0658,0.4946682464,0.1169678715,"Livermore","94551-7650",1,0.0109,2,2,2,6000,37400,0.999995159922559,0.943334116575352,0.992512720053302,0.99933380310522,0.983793949914108
"307",410502,"Argosy University-The Art Institute of California-Hollywood","CA",0.5031,0.4969,0.2091,0.1586,0.4351,0.0643,0.0062,0.0243,0.0019,0.5099347495,0.1975711015,"North Hollywood","91601",3,0.8048,3,3,1,10000,41300,0.999895958335333,0.634584103577954,0.985307305289883,0.999979756421547,0.904941780906179
"72",112446,"Coleman University","CA",0.9102,0.0898,0.4922,0.0801,0.1875,0.1406,0.0078,0.0078,0.0039,0.3727598566,0.284375,"San Diego","92123-1506",2,0.7938,4,2,1,19000,47100,0.320353765660251,0.845583457286282,0.881018330049369,0.96158767124042,0.75213580605908
"106",115126,"Golden West College","CA",0.4721,0.5279,0.3108,0.0201,0.3143,0.2718,0.0031,0.0051,0.0447,0.5388757994,0.0939934657,"Huntington Beach","92647-2710",1,0.0236,2,1,2,4967.5,36600,0.997316717067473,0.807447832864191,0.978759244155902,0.998711089048515,0.94555872078402
"114",115728,"Holy Names University","CA",0.3739,0.6261,0.2087,0.2,0.3058,0.1478,0.0072,0.0391,0.0261,0.4489795918,0.076142132,"Oakland","94619-1699",2,0.8333,4,3,1,20250,53300,0.938395774332389,0.486238031750192,0.963231489265705,0.991973532899568,0.844959707061964
"69",112288,"Milan Institute-Visalia","CA",0.0966,0.9034,0.1477,0.0284,0.7727,0.0142,0.0114,0.0114,0,0.6223529412,0.1821164889,"Visalia","93277",3,0.6195,1,1,3,8919,26100,0.355501848029569,0.200126384239521,0.993377047186179,0.976764310578982,0.631442397508563
"81",113397,"Marinello Schools of Beauty-Hemet","CA",0.0359,0.9641,0.3774,0.1007,0.4405,0.0359,0.0105,0.0035,0.0053,0.5529237602,0.2047325103,"Hemet","92545",3,0.6842,1,1,3,7000,17400,0.145840693451095,0.843192050293504,0.980492050294501,0.996918432574114,0.741610806653304
"94",114415,"Fashion Institute of Design & Merchandising-Orange County","CA",0.0641,0.9359,0.4551,0.0192,0.2564,0.1154,0.0064,0.0256,0.0641,0.3405762872,0.0307298335,"Irvine","92614-5610",3,0.771,3,2,2,12000,41800,0.246911110577769,0.850045296128235,0.904646005003693,0.941958627863565,0.735890259893315
"202",121901,"Riverside City College","CA",0.4409,0.5591,0.2194,0.0831,0.5642,0.0625,0.0027,0.0036,0.0404,0.562490439,0.0852731044,"Riverside","92506",1,0.0213,2,2,2,4500,34700,0.986958151330421,0.739036213177555,0.971702878039536,0.995257389186437,0.923238657933487
"86",113980,"El Camino Community College District","CA",0.4832,0.5168,0.1354,0.1539,0.4962,0.1302,0.0014,0.0049,0.0447,0.583488806,0.0569578758,"Torrance","90506",1,0,2,2,2,3873,34900,0.999123825981216,0.653340194487972,0.941824656143786,0.990360765893954,0.896162360626732
"42",110662,"University of California-Los Angeles","CA",0.4432,0.5568,0.2784,0.0279,0.1964,0.2997,0.0014,0.0032,0.0476,0.3685678427,0.0178357673,"Los Angeles","90095-1405",1,0.3626,4,3,1,15000,72600,0.987987647802365,0.666981707783578,0.883017596085291,0.959259589447223,0.874311635279614
"378",457077,"Milan Institute-Bakersfield","CA",0.0461,0.9539,0.3862,0.0893,0.4496,0.0144,0.0144,0.0202,0,0.5726681128,0.1839879154,"Bakersfield","93301",3,0.6819,1,1,3,8971,17700,0.183132490119842,0.782638082297138,0.992568725251292,0.993098661941721,0.737859489902498
"366",450094,"Argosy University-The Art Institute of California-Sacramento","CA",0.565,0.435,0.2125,0.0373,0.2598,0.0302,0.002,0.007,0.0161,0.5099347495,0.1975711015,"Sacramento","95833",3,0.8363,3,3,1,10000,41300,0.982043712699403,0.711481610556107,0.985307305289883,0.999979756421547,0.919703096241735
"71",112394,"Cogswell College","CA",0.7545,0.2455,0.4168,0.0428,0.1697,0.1499,0.0016,0.0231,0.1071,0.3237179487,0.0300546448,"San Jose","95134",3,0.5887,4,3,1,12500,65800,0.736826789228628,0.749139190095953,0.903568251336131,0.930065446029243,0.829899919172489
"155",118356,"Marinello Schools of Beauty-Los Angeles","CA",0.1282,0.8718,0.2072,0.1765,0.5378,0.0311,0.0065,0.0017,0.0047,0.5654697135,0.1575203252,"Los Angeles","90023",3,0.7236,1,1,3,8555,18500,0.452983087729404,0.524022419260719,0.999676407516188,0.994667264811748,0.742837294829515
"216",122658,"San Joaquin Delta College","CA",0.4327,0.5673,0.2342,0.0933,0.4365,0.1669,0.0044,0.0048,0.0517,0.5815616181,0.1021025148,"Stockton","95207",1,0.0526,2,2,2,4500,34300,0.982943367093874,0.885349875926414,0.984414411856813,0.990881790828546,0.960897361426412
"319",423980,"Le Cordon Bleu College of Culinary Arts-Pasadena","CA",0.5033,0.4967,0.1842,0.1049,0.0435,0.1088,0.0106,0.0123,0.005,0.5189340813,0.1106337272,"Pasadena","91101",3,0.7417,2,1,2,11500,38900,0.999887638202211,0.499028752369941,0.989420981037893,0.999934980521169,0.872068088032804
"224",122852,"Santa Barbara Business College-Santa Maria","CA",0.1584,0.8416,0.198,0.0248,0.7376,0.005,0,0.0099,0.0149,0.6820809249,0.1837606838,"Santa Maria","93454",3,0.8786,3,2,1,16500,27600,0.538679978879662,0.319431015212585,0.992669354799942,0.944393291363934,0.698793410064031
"147",118143,"Lyles Fresno College of Beauty","CA",0.098,0.902,0.3529,0.0588,0.451,0.0392,0,0.0196,0.0784,0.6134453782,0.2147239264,"Fresno","93710",3,0.4239,1,1,3,6857,19000,0.359989759836157,0.829156495232202,0.972635492850088,0.980400580360198,0.785545582069661
"354",442930,"University of Antelope Valley","CA",0.3798,0.6202,0.2842,0.1886,0.4794,0.0199,0.004,0.008,0.0013,0.546875,0.1542497377,"Lancaster","93534",3,0.5263,4,1,1,8613,27800,0.944114145826333,0.567915046389819,0.999908620977787,0.997784602438055,0.877430603907999
"150",118198,"MTI College","CA",0.2775,0.7225,0.5108,0.099,0.2039,0.0873,0.0049,0.0029,0.0539,0.467230444,0.2420168067,"Sacramento","95841-9817",3,0.3483,2,1,2,8263.5,36800,0.805515888254212,0.853738506510174,0.944414660601187,0.995889522997921,0.899889644590874
"146",117946,"Loyola Marymount University","CA",0.426,0.574,0.4672,0.0579,0.2192,0.107,0.002,0.001,0.0768,0.1998933902,0.0191628845,"Los Angeles","90045-2659",2,0.4535,4,3,1,19500,64400,0.979263668218691,0.877758969917684,0.885345662765644,0.808763314272472,0.887782903793623
"80",113333,"De Anza College","CA",0.5165,0.4835,0.2063,0.0334,0.2547,0.3497,0.0015,0.0038,0.0467,0.5218736191,0.0667011375,"Cupertino","95014",1,0.0415,2,2,2,5501,48800,0.998630978095649,0.541204686916685,0.953307753337545,0.999851965144273,0.873248845873538
"226",122931,"Santa Clara University","CA",0.5041,0.4959,0.4841,0.0316,0.1718,0.1504,0.0013,0.0024,0.0676,0.1871244635,0.0165016502,"Santa Clara","95053",2,0.3672,4,3,1,19500,79500,0.999851157618522,0.830079284625124,0.880653665688471,0.792855641807321,0.875859937434859
"134",117645,"Long Beach City College","CA",0.4551,0.5449,0.1496,0.1333,0.5403,0.1133,0.0022,0.0072,0.0423,0.5653074434,0.058316885,"Long Beach","90808-1706",1,0.0408,2,1,2,4500,32100,0.992638242211875,0.675216874770208,0.94350202996308,0.994700297500643,0.901514361111452
"361",448433,"Universal Technical Institute of Northern California Inc","CA",0.9618,0.0382,0.3392,0.0333,0.3952,0.0493,0.01,0.0188,0.1081,0.5212620027,0.1720139157,"Sacramento","95834",3,0.6739,1,1,2,15188,37000,0.139544472711563,0.795500003243404,0.996937076075271,0.999872012355235,0.732963391096368
"185",120290,"Ohlone College","CA",0.536,0.464,0.1964,0.0379,0.1834,0.304,0.0019,0.0067,0.0458,0.4753004005,0.1009667025,"Fremont","94539-0390",1,0.013,2,1,2,9399,48700,0.994223907582521,0.58705925256806,0.983674920242823,0.99720712852374,0.890541302229286
"311",413848,"ITT Technical Institute-Oxnard","CA",0.7491,0.2509,0.3024,0.0825,0.4296,0.1065,0.0069,0.0034,0.0275,0.4972857507,0.2337406569,"Oxnard","93036",3,0.7404,3,2,1,13566,42800,0.747791124657995,0.926009159549014,0.954017663877175,0.999509074179081,0.906831755565816
"350",442204,"David's Academy of Beauty","CA",0.1667,0.8333,0,0.0111,0.5111,0.4556,0,0,0,0.7888198758,0.575,"Pico Rivera","90660",3,0.0479,1,1,3,1717.5,17200,0.560954215267444,-0.22795020562616,-0.196789353433529,0.851917734422442,0.247033097657549
"200",121707,"College of the Redwoods","CA",0.4615,0.5385,0.5772,0.0228,0.1609,0.0334,0.0694,0.0076,0.0717,0.4880889359,0.102393617,"Eureka","95501-9300",1,0.0404,2,2,2,4500,30400,0.994670914734636,0.551981952005129,0.984601180091935,0.99877533056031,0.882507344348002
"273",366711,"California State University-San Marcos","CA",0.3957,0.6043,0.323,0.0342,0.3965,0.0983,0.0041,0.0042,0.0542,0.4763217239,0.0728948471,"San Marcos","92096-0001",1,0.4107,4,3,1,12500,49300,0.958138170210723,0.924539470977559,0.959951765900292,0.997355788882507,0.959996298992771
"246",123961,"University of Southern California","CA",0.4945,0.5055,0.3644,0.0436,0.1353,0.225,0.0013,0.0017,0.0508,0.2332909784,0.0118962646,"Los Angeles","90089",2,0.3729,4,3,1,21062,81300,0.999950999215987,0.767163020940512,0.872311651356604,0.847365773466391,0.871697861244874
"264",245847,"Antioch University-Santa Barbara","CA",0.3576,0.6424,0.5152,0.0182,0.1939,0.0242,0.0121,0.0061,0,0.4664804469,0.2146226415,"Santa Barbara","93101",2,0.5,4,3,1,21916,38900,0.921150098401574,0.696358342635797,0.972721790428266,0.995754178112613,0.896496102394563
"29",110529,"California State Polytechnic University-Pomona","CA",0.563,0.437,0.2023,0.0329,0.3864,0.2459,0.0019,0.0024,0.0397,0.4800781837,0.0386630082,"Pomona","91768",1,0.3963,4,3,1,15000,54400,0.983099729595674,0.780463191385948,0.916855501500177,0.997867591669312,0.919571503537778
"145",117928,"Argosy University-The Art Institute of California-San Francisco","CA",0.5361,0.4639,0.1473,0.0703,0.2947,0.0922,0.0029,0.0133,0.076,0.5099347495,0.1975711015,"San Francisco","94102-4908",3,0.8221,4,3,1,10000,41300,0.994193467095474,0.745388486195975,0.985307305289883,0.999979756421547,0.93121725375072
"188",120661,"Concorde Career College-San Diego","CA",0.2492,0.7508,0.1727,0.1603,0.4302,0.1241,0.0062,0.0403,0.0403,0.5115303983,0.238793806,"San Diego","92113-1964",3,0.4138,2,1,2,9500,27800,0.752390278244452,0.563355664649286,0.948262566320838,0.999994838849437,0.816000837016003
"287",377722,"Bellus Academy-Poway","CA",0.019,0.981,0.5528,0.0163,0.2276,0.0569,0.0163,0.0163,0.0894,0.4306784661,0.2685788787,"Poway","92064",3,0.5732,1,1,2,8764,22800,0.0822213155410487,0.753133516345811,0.907447082056304,0.986743175727103,0.682386272417567
"356",445364,"North-West College-Riverside","CA",0.129,0.871,0.0905,0.0724,0.5045,0.0271,0,0.0136,0,0.5852918878,0.1893258427,"Riverside","92503",3,0.94,1,1,3,8698,23200,0.455347285556569,0.521768142805578,0.990007492012495,0.989860186624513,0.739245776749789
"12",109730,"Associated Technical College-San Diego","CA",0.8319,0.1681,0.2353,0.3193,0.4454,0,0,0,0,0.56,0.1049562682,"San Diego","92101",3,0.8579,1,1,3,7000,21900,0.554036024576393,-0.168505375295508,0.986196771897298,0.995724141302003,0.591862890620046
"179",119845,"Newberry School of Beauty","CA",0.041,0.959,0.459,0.0574,0.4098,0.0492,0.0082,0,0.0082,0.5905511811,0.1104651163,"Granada Hills","91344-7401",3,0.3959,1,1,3,5687.5,24400,0.164590633450135,0.877951523659868,0.989331397597157,0.988327697717678,0.75505031310621
"325",432533,"Argosy University-The Art Institute of California-Los Angeles","CA",0.5787,0.4213,0.0634,0.0327,0.3886,0.0167,0.0014,0.0042,0.0097,0.5099347495,0.1975711015,"Santa Monica","90405-3035",3,0.7998,3,3,1,10000,41300,0.973949623193971,0.506968898852768,0.985307305289883,0.999979756421547,0.866551395939542
"77",113193,"Cuesta College","CA",0.4732,0.5268,0.6152,0.0127,0.2701,0.0323,0.0056,0.0017,0.0509,0.4402257568,0.1195700851,"San Luis Obispo","93403-8106",1,0.0514,2,2,2,6500,38700,0.99753980063681,0.728962109653432,0.993628406420068,0.989634601788377,0.927441229624672
"93",114390,"Fashion Institute of Design & Merchandising-San Francisco","CA",0.0778,0.9222,0.351,0.0342,0.2372,0.1935,0.0057,0.0228,0.0398,0.3405762872,0.0307298335,"San Francisco","94108-5805",3,0.6295,3,2,1,12000,41800,0.293716539464631,0.856997849578072,0.904646005003693,0.941958627863565,0.74932975547749
"331",436438,"Argosy University-Orange County","CA",0.4459,0.5541,0.2613,0.1306,0.4685,0.0856,0.009,0.0225,0,0.5099347495,0.1975711015,"Orange","92868",3,0.652,4,3,1,10000,41300,0.98914218627498,0.75317564912731,0.985307305289883,0.999979756421547,0.93190122427843
"276",368780,"Los Angeles ORT College-Los Angeles Campus","CA",0.3595,0.6405,0.2908,0.098,0.2157,0.3791,0,0,0,0.6560509554,0.4837905237,"Los Angeles","90048",2,0.2496,2,1,2,6764,27200,0.923269772316357,0.45161169060482,0.262290434781039,0.960210194576509,0.649345523069681
"369",450544,"Argosy University-San Diego","CA",0.4573,0.5427,0.3034,0.3205,0.2479,0.0641,0,0.0256,0,0.5099347495,0.1975711015,"San Diego","92108",3,0.4556,4,3,1,10000,41300,0.993373933982944,-0.0999274629467191,0.985307305289883,0.999979756421547,0.719683383186914
"109",115454,"Heald College-Rancho Cordova","CA",0.2799,0.7201,0.1827,0.1183,0.0913,0.0574,0.0117,0.0211,0.0211,0.5363278975,0.1818086665,"Rancho Cordova","95670",3,0.7882,2,2,2,9500,35900,0.80972651562425,0.515552431447732,0.993505548291694,0.998953825289702,0.829434580163344
"377",456427,"ITT Technical Institute-Concord","CA",0.7897,0.2103,0.3004,0.1717,0.2403,0.1674,0.0043,0.0086,0.0472,0.4972857507,0.2337406569,"Concord","94520",3,0.7636,3,2,1,13566,42800,0.659638994223908,0.763410355134826,0.954017663877175,0.999509074179081,0.844144021853748
"348",441229,"West Coast Ultrasound Institute","CA",0.2649,0.7351,0.4745,0.0786,0.3392,0.1077,0,0,0,0.5018939394,0.2285938727,"Beverly Hills","90211",3,0.3367,2,1,2,16500,56000,0.78265408246532,0.904075619417075,0.959530681877884,0.999752756584251,0.911503285086132
"117",115931,"Institute for Business and Technology","CA",0.6429,0.3571,0.2041,0.0357,0.5102,0.1429,0.0051,0,0.0153,0.5281030445,0.2249408051,"Santa Clara","95051-1303",3,0.4866,1,1,3,7600,37100,0.91601461623386,0.780825761099775,0.963230153885482,0.999564734509099,0.914908816432054
"334",437750,"Professional Golfers Career College","CA",0.9113,0.0887,0.746,0.0242,0.0484,0.0847,0.0161,0,0,0.3630136986,0.1910828025,"Temecula","92591",3,0.6038,2,2,2,12000,41700,0.316721507544121,0.353004349794115,0.989081666851754,0.956069546245949,0.653719267608985
"38",110617,"California State University-Sacramento","CA",0.4366,0.5634,0.3028,0.0567,0.276,0.2112,0.0041,0.0091,0.0628,0.4887604367,0.0762653899,"Sacramento","95819-2694",1,0.3994,4,3,1,13479,49900,0.984919918718699,0.893153443084752,0.963353218748894,0.998840060415923,0.960066660242067
"9",109350,"Antelope Valley College","CA",0.4098,0.5902,0.2401,0.2008,0.4601,0.0323,0.0041,0.0014,0.0475,0.5823882588,0.1031746032,"Lancaster","93536-5426",1,0.151,2,2,2,8042,33100,0.968882542120674,0.564124843149406,0.985096691103696,0.99066007722098,0.877191038398689
"228",123013,"Santa Rosa Junior College","CA",0.4536,0.5464,0.5675,0.0257,0.294,0.0452,0.0081,0.0034,0.0494,0.4890465906,0.1033300686,"Santa Rosa","95401-4395",1,0.0192,2,1,2,5500,41300,0.992114433830941,0.822524158258318,0.985194361891215,0.998867110429347,0.949675016102455
"97",114716,"Foothill College","CA",0.5154,0.4846,0.3394,0.0385,0.231,0.2253,0.0019,0.0068,0.0525,0.4874770922,0.1025024062,"Los Altos Hills","94022",1,0.0413,2,2,2,6500,57200,0.99878894062305,0.857083942934604,0.984670689161379,0.998714821252724,0.959814598492939
"115",115755,"Humboldt State University","CA",0.4588,0.5412,0.4738,0.0391,0.2977,0.0347,0.01,0.0026,0.0637,0.4477713508,0.0342465753,"Arcata","95521-8299",1,0.5625,4,3,1,14200,38600,0.993853341653467,0.862714944031252,0.910161592701708,0.991668470085259,0.939599587117921
"310",413680,"Spartan College of Aeronautics & Technology","CA",0.9469,0.0531,0.1715,0.1546,0.4831,0.1063,0.0024,0.0242,0,0.5233415233,0.1880819367,"Inglewood","90301-2904",3,0.7698,1,1,2,20054,44700,0.193942263076209,0.608197668284633,0.990638168973221,0.999797902489162,0.698144000705806
"323",432302,"Brightwood College-Riverside","CA",0.2195,0.7805,0.2317,0.1098,0.6037,0.0061,0.0061,0.0183,0,0.5804540967,0.1402616279,"Riverside","92507-0000",3,0.525,2,1,2,9400.5,39400,0.689746035936575,0.543699056539171,0.999298122230566,0.991174665152565,0.805979469964719
"166",119164,"Mt San Antonio College","CA",0.484,0.516,0.1239,0.042,0.5925,0.1783,0.0016,0.0028,0.0303,0.5811606392,0.0804409219,"Walnut","91789-1399",1,0.0111,2,2,2,4500,39000,0.999215987455799,0.620605194348099,0.967357738491368,0.990988378271769,0.894541824641759
"198",121619,"Santa Ana College","CA",0.6248,0.3752,0.2201,0.0145,0.5003,0.0829,0.0027,0.0031,0.0143,0.7116920842,0.0977601493,"Santa Ana","92706-3398",1,0.0074,2,2,2,6000,37000,0.935686010976176,0.746522979318313,0.98149474107594,0.923189601817404,0.896723333296958
"280",371779,"Heald College-Hayward","CA",0.2821,0.7179,0.1039,0.1633,0.3595,0.1315,0.0085,0.053,0.0414,0.5363278975,0.1818086665,"Hayward","94545",3,0.7702,2,2,2,9500,39600,0.813545776732428,0.331730652620115,0.993505548291694,0.998953825289702,0.784433950733485
"340",439367,"CBD College","CA",0.3285,0.6715,0.2749,0.1825,0.4234,0.1022,0,0.017,0,0.5234899329,0.1518324607,"Los Angeles","90010",2,0.9849,1,1,2,9500,22700,0.88507716123458,0.676599951401214,0.999988917254232,0.999791969137851,0.890364499756969
"4",108649,"Avalon School of Cosmetology-Alameda","CA",0.0395,0.9605,0.1265,0.4743,0.2253,0.0672,0.0079,0,0.0553,0.4162679426,0.0695970696,"Alameda","94501",3,0.6768,1,1,3,6333,24900,0.159097545560729,-1.57558446379444,0.956477668063681,0.981706120262955,0.13042421752323
"153",118286,"Brightwood College-Vista","CA",0.2699,0.7301,0.3458,0.107,0.403,0.0659,0.0162,0.0348,0,0.5644937587,0.2474934037,"Vista","92083-7736",3,0.5444,2,1,2,8630,32100,0.791878230051681,0.761793103355514,0.937559723691536,0.99486438859393,0.871523861423165
"238",123554,"Saint Mary's College of California","CA",0.4134,0.5866,0.4564,0.0387,0.2513,0.1034,0.0031,0.0071,0.0688,0.2706110572,0.0262681159,"Moraga","94575",2,0.5099,4,3,1,21500,68600,0.971370901934431,0.904328882356302,0.897411871081186,0.885358991020785,0.914617661598176
"229",123208,"Wyotech-Fremont","CA",0.964,0.036,0.2646,0.0795,0.3528,0.1193,0.0112,0.046,0.0882,0.5459533608,0.1756756757,"Fremont","94539",3,0.5208,2,1,2,9500,42000,0.131362101793629,0.678396129294481,0.995803381173764,0.997904060309368,0.70086641814281
"391",474863,"Azusa Pacific University College","CA",0.3204,0.6796,0.3204,0.1536,0.364,0.055,0.0038,0.0114,0.0246,0.3616438356,0.1867158672,"San Dimas","91773",2,0.7906,3,1,1,18500,53300,0.873830941295061,0.796615836121254,0.991307100462,0.955264276888671,0.904254538691747
"68",112190,"City College of San Francisco","CA",0.4697,0.5303,0.2317,0.079,0.2333,0.3421,0.0024,0.007,0.046,0.5878166213,0.1009458578,"San Francisco","94112-1898",1,0.0521,2,1,2,6033,42900,0.99679638874222,0.593808217369039,0.983661188758153,0.989137966501876,0.890850940342822
"271",366289,"InterCoast Colleges-Orange","CA",0.4821,0.5179,0.3214,0.0179,0.5,0,0.0179,0,0,0.5297580118,0.238625363,"Orange","92868",3,0.9091,2,1,2,9500,26100,0.998988743819901,0.689989344749285,0.948459873847114,0.999462998458603,0.909225240218726
"11",109721,"Associated Technical College-Los Angeles","CA",0.482,0.518,0.097,0.4377,0.385,0.0166,0.0111,0.0055,0.036,0.5928961749,0.1450381679,"Los Angeles","90017-1604",3,0.3682,1,1,3,6500,28100,0.998975983615738,-1.23316573573657,0.999798865922994,0.987609647805745,0.438304690401977
"255",125462,"West Hills College-Coalinga","CA",0.395,0.605,0.1863,0.0699,0.6294,0.0406,0.0059,0.0039,0.0185,0.6082474227,0.0911458333,"Coalinga","93210",1,0.0625,2,2,2,5500,31700,0.957563321013136,0.589314058341046,0.976566077728642,0.982379624256199,0.876455770334756
"312",416458,"Premiere Career College","CA",0.2757,0.7243,0.0476,0.0301,0.7494,0.1378,0.005,0.0175,0.0125,0.5911330049,0.2021466905,"Irwindale","91706-3746",3,0.9079,1,1,2,9500,35600,0.802327677242836,0.21847926543334,0.982309322286981,0.988151539192635,0.747816951038948
"56",111726,"CET-El Centro","CA",0.7038,0.2962,0.0115,0,0.9846,0,0,0.0038,0,0.6605664488,0.2064714946,"El Centro","92243",2,0.0728,1,1,3,5278,24900,0.830582729323669,-0.67486582404593,0.979219962154627,0.957655706057756,0.52314814337253
"232",123341,"Sierra College","CA",0.4607,0.5393,0.5886,0.0269,0.2575,0.0463,0.0057,0.0032,0.0532,0.4686200036,0.167858253,"Rocklin","95677-3397",1,0.0631,2,2,2,7500,34800,0.994434750956015,0.786849441554527,0.998007886013395,0.996134490060113,0.943856642146013
"302",398574,"Wyotech-Long Beach","CA",0.9058,0.0942,0.1408,0.1224,0.6039,0.0405,0.0053,0.0158,0.0563,0.6168505517,0.125,"Long Beach","90810-3800",3,0.5098,2,1,2,9245,27900,0.334785996575945,0.536934293831182,0.995666741910532,0.979047023438006,0.711608513938916
"382",459639,"ITT Technical Institute-Corona","CA",0.8184,0.1816,0.3274,0.0852,0.4305,0.0561,0.0112,0.0022,0.0538,0.4972857507,0.2337406569,"Corona","92883",3,0.7871,3,2,1,13566,42800,0.589368789900638,0.902957764993694,0.954017663877175,0.999509074179081,0.861463323237647
"129",117238,"Lancaster Beauty School","CA",0.2581,0.7419,0.2097,0.2742,0.5081,0.0081,0,0,0,0.497005988,0.1581395349,"Lancaster","93534",3,0.697,1,1,3,6940.5,19600,0.769788276612426,0.0709463399614451,0.999616443645289,0.999491615436427,0.709960668913897
"159",118888,"Mills College","CA",0,1,0.4488,0.0671,0.2321,0.1133,0.0055,0.0055,0.1034,0.322515213,0.0371681416,"Oakland","94613",2,0.7272,4,3,1,18750,46500,0.00796812749003983,0.860612552406231,0.91461876986729,0.929174611397023,0.678093515290146
"96",114460,"Federico Beauty Institute","CA",0.1343,0.8657,0.4417,0.0707,0.3675,0.0565,0.0141,0.0071,0.0389,0.5117056856,0.1800486618,"Sacramento","95834",3,0.6612,1,1,3,6333,26200,0.470880774092385,0.938542865455547,0.994216090529329,0.999995890777841,0.850908905213775
"8",109208,"American River College","CA",0.4622,0.5378,0.4695,0.0989,0.2063,0.1063,0.0076,0.0085,0.0587,0.5227272727,0.1603135402,"Sacramento","95841-4286",1,0.056,2,1,2,6913,34800,0.994873357973728,0.886464011547489,0.999365576698041,0.999821547055912,0.970131123318792
"267",260789,"Platt College-Los Angeles","CA",0.2648,0.7352,0.1074,0.0272,0.6596,0.1649,0.0045,0.0045,0.0287,0.585504886,0.1525320317,"Alhambra","91803",3,0.5921,3,2,1,18870.5,33500,0.782467559480952,0.501333133404323,0.999973661415551,0.989800216333271,0.818393642658524
"256",125471,"West Los Angeles College","CA",0.4104,0.5896,0.1295,0.2916,0.4219,0.055,0.0029,0.0025,0.0352,0.5498866213,0.0754874652,"Culver City","90230-3519",1,0.0374,2,2,2,9000,33700,0.969304468871502,0.0417199653494664,0.962581557421056,0.997371168904688,0.742744290136678
"330",434317,"Charter College-Canyon Country","CA",0.2015,0.7985,0.1864,0.2298,0.4925,0.0085,0.0028,0.0508,0.0207,0.5561850803,0.1443020904,"Canyon Country","91351",3,0.5072,2,1,1,9500,27900,0.648345373525976,0.0498319420320789,0.999741456054026,0.996392249099058,0.673577755177785
"28",110510,"California State University-San Bernardino","CA",0.3876,0.6124,0.1588,0.0653,0.5831,0.0605,0.0016,0.0024,0.0259,0.6048401343,0.062838119,"San Bernardino","92407-2397",1,0.4476,4,3,1,14657.5,46100,0.951246579945279,0.638592352456642,0.948905815634631,0.983619760921035,0.880591127239397
"63",111948,"Chapman University","CA",0.404,0.596,0.6049,0.0132,0.1431,0.1029,0.0027,0.0032,0.0602,0.1615541922,0.0078662734,"Orange","92866",2,0.6461,4,3,1,19000,52200,0.964655434486952,0.696086441991056,0.864780713959091,0.759089496642434,0.821153021769883
"227",122977,"Santa Monica College","CA",0.4751,0.5249,0.2558,0.0893,0.3796,0.1051,0.0019,0.0025,0.0393,0.5097739768,0.0382953882,"Santa Monica","90405-1628",1,0.0125,2,1,2,4500,38100,0.997902326437223,0.896925242649692,0.916308193588966,0.999977686474098,0.952778362287495
"194",121150,"Pepperdine University","CA",0.4089,0.5911,0.4496,0.0606,0.134,0.1302,0.0044,0.0029,0.0865,0.204616999,0.0338308458,"Malibu","90263",2,0.437,4,3,1,24000,71400,0.968244251908031,0.793894297364845,0.909518134519714,0.814487020744536,0.871535926134281
"130",117247,"Laney College","CA",0.4547,0.5453,0.174,0.2471,0.1943,0.2618,0.0028,0.0046,0.0535,0.567251462,0.1722689076,"Oakland","94607",1,0.0191,2,2,2,7500,33700,0.99250032000512,0.239125904798036,0.99686390012517,0.994297811368788,0.805696984074279
"151",118259,"Brightwood College-Sacramento","CA",0.1408,0.8592,0.2347,0.1854,0.4014,0.0962,0.0117,0.0164,0,0.6404833837,0.169198895,"Sacramento","95821",3,0.6537,2,1,2,9334,28400,0.489624473991584,0.653718784392558,0.997687505415541,0.968407768519854,0.777359633079884
"5",108667,"College of Alameda","CA",0.4484,0.5516,0.1529,0.2128,0.2196,0.3021,0.0037,0.0041,0.0473,0.55898654,0.1285390713,"Alameda","94501",1,0.0117,2,2,2,6750,36400,0.990159202547241,0.316288942337384,0.9967844213528,0.99590716153078,0.824784931942051
"394",480204,"Platt College-Riverside","CA",0.1759,0.8241,0.2241,0.106,0.5952,0.0241,0.0024,0,0.0458,0.585504886,0.1525320317,"Riverside","92507",3,0.7275,2,2,1,18870.5,33500,0.58499971999552,0.63632814420595,0.999973661415551,0.989800216333271,0.802775435487573
"279",371760,"Heald College-Stockton","CA",0.2751,0.7249,0.1971,0.119,0.3961,0.0966,0.0127,0.0195,0.0527,0.5363278975,0.1818086665,"Stockton","95210",3,0.7904,2,2,2,9500,33400,0.801259180146882,0.804306233261366,0.993505548291694,0.998953825289702,0.899506196747411
"119",116439,"Irvine Valley College","CA",0.5013,0.4987,0.3486,0.0219,0.2471,0.2476,7e-04,0.002,0.0486,0.445324097,0.110974611,"Irvine","92618-0301",1,0.014,2,1,2,6000,41100,0.999956439303029,0.821410632518931,0.989600939852975,0.991033141952058,0.950500288406748
"161",118921,"Marinello Schools of Beauty-San Francisco","CA",0.0879,0.9121,0.4075,0.1103,0.3551,0.0523,0.0206,0.0019,0.0093,0.5124309392,0.1745867769,"San Francisco","94103",3,0.6552,1,1,3,6532,35200,0.327261196179139,0.880086855016769,0.996159118548654,0.999998970398096,0.800876535035664
"349",441973,"Argosy University-The Art Institute of California-Orange County","CA",0.5321,0.4679,0.1651,0.0247,0.3959,0.0805,0.0042,0.0092,0.0289,0.5099347495,0.1975711015,"Santa Ana","92704",3,0.8075,3,3,1,10000,41300,0.995348685578969,0.759321901044304,0.985307305289883,0.999979756421547,0.934989412083676
"282",371964,"National Career Education","CA",0.3404,0.6596,0.3617,0.1844,0.227,0.0851,0.0071,0.0071,0.0284,0.5281030445,0.2249408051,"Rancho Cordova","95670",3,0.7652,1,1,3,7600,37100,0.900647370357926,0.713740456689942,0.963230153885482,0.999564734509099,0.894295678860612
"37",110608,"California State University-Northridge","CA",0.4587,0.5413,0.2446,0.0566,0.4181,0.1125,0.0015,0.0021,0.0331,0.5370760037,0.0419749853,"Northridge","91330",1,0.3438,4,3,1,11509,47100,0.993821941151058,0.883637255611734,0.921705377176581,0.998885177737662,0.949512437919259
"283",371982,"Everest College-Anaheim","CA",0.2438,0.7562,0.1512,0.0519,0.5598,0.0948,0.0068,0.0226,0.0361,0.6171875,0.1669626998,"Anaheim","92801-5229",3,0.5976,2,1,2,9500,27800,0.741525304404871,0.664630566132014,0.998208598373259,0.978910629301719,0.845818774552966
"31",110547,"California State University-Dominguez Hills","CA",0.363,0.637,0.0835,0.1472,0.5732,0.0956,0.0018,0.0034,0.0274,0.5768188451,0.0816264139,"Carson","90747-0005",1,0.3827,4,3,1,13250,45400,0.927098833581337,0.500149036076972,0.968452460249294,0.992102377377282,0.846950676821221
"182",120078,"North-West College-West Covina","CA",0.1968,0.8032,0.0429,0.0179,0.7782,0.0823,0,0,0,0.6568742656,0.1860053144,"West Covina","91790",3,0.7497,1,1,3,8030,27700,0.63710843373494,0.083715049601758,0.991645239475054,0.959750358259044,0.668054770267699
"236",123509,"Skyline College","CA",0.4754,0.5246,0.1962,0.0321,0.2902,0.3827,0.0021,0.0124,0.0527,0.5079626579,0.0859982714,"San Bruno","94066-1698",1,0.0113,2,2,2,5512,43600,0.997956927310837,0.450500233041684,0.972328184169917,0.99994740476452,0.855183187321739
"257",125499,"West Valley College","CA",0.4475,0.5525,0.4659,0.0273,0.2602,0.1492,0.0019,0.0031,0.0518,0.4693877551,0.1054273238,"Saratoga","95070-5698",1,0.0055,2,2,2,4500,37700,0.989798836781388,0.914370003833391,0.986480574029326,0.996266610235449,0.971729006219889
"375",454546,"Milan Institute of Cosmetology-Fairfield","CA",0,1,0.2289,0.4217,0.2651,0,0,0.0241,0.012,0.5827374872,0.2455308282,"Fairfield","94533",3,0.6257,1,1,3,8500,21900,0.00796812749003983,-1.05702167510976,0.940062048320412,0.990565610307707,0.2203935277521
"49",111188,"The California Maritime Academy","CA",0.8606,0.1394,0.5435,0.0181,0.171,0.0888,0.0029,0.0038,0.1051,0.2549019608,0.0306122449,"Vallejo","94590",1,0.5895,4,3,1,21000,89600,0.474076545224724,0.706201298776014,0.904458742584626,0.870028119547161,0.738691176533131
"124",116712,"John F. Kennedy University","CA",0.3108,0.6892,0.3665,0.1554,0.259,0.0837,0.0159,0.012,0.0359,0.5486725664,0.3333333333,"Pleasant Hill","94523-4817",2,0.9319,4,3,1,20832,52100,0.859822397158355,0.823695914729333,0.778046122260863,0.9975420863943,0.864776630135713
"308",410520,"Sage College","CA",0.0713,0.9287,0.4668,0.0491,0.3145,0.0295,0,0.0172,0.113,0.4952380952,0.3360995851,"Moreno Valley","92557-6720",3,0.8949,2,1,2,18700,35500,0.271696787148594,0.760397738593891,0.771277508150006,0.999374234700671,0.700686567148291
"34",110574,"California State University-East Bay","CA",0.3782,0.6218,0.1725,0.1088,0.2831,0.2378,0.0019,0.0108,0.056,0.50269179,0.0795760733,"Hayward","94542",1,0.3865,4,3,1,12500,55000,0.942590921454743,0.738183541761581,0.966547330153064,0.999786541929709,0.911777083824774
"41",110653,"University of California-Irvine","CA",0.461,0.539,0.1607,0.0178,0.2399,0.4071,5e-04,0.0041,0.041,0.4675324675,0.0148425108,"Irvine","92697",1,0.4349,4,3,1,15000,60600,0.994523912382598,0.279964733606978,0.877680836991556,0.995943407147407,0.787028222532135
"327",433013,"Career Networks Institute","CA",0.2427,0.7573,0.2688,0.086,0.4194,0.1751,0.0123,0.0046,0.0046,0.4540059347,0.228742515,"Orange","92868-4710",3,0.731,1,1,2,11687,28100,0.739283468535497,0.889058193549286,0.959376397629551,0.99318154215317,0.895224900466876
"195",121275,"Platt College-San Diego","CA",0.6783,0.3217,0.3439,0.1083,0.2452,0.0955,0.0127,0,0.1019,0.4394904459,0.1609195402,"San Diego","92115-3919",3,0.1892,3,2,1,20000,36100,0.869965559448951,0.832581647624598,0.999284457120364,0.989424537450403,0.922814050411079
"336",437884,"InterCoast Colleges-Burbank","CA",0.7708,0.2292,0.3542,0.0833,0.5208,0,0,0,0.0208,0.5297580118,0.238625363,"Burbank","91502",3,0.9462,1,1,3,9500,26100,0.702315877054033,0.740859624704492,0.948459873847114,0.999462998458603,0.84777459351606
"187",120537,"Hope International University","CA",0.4498,0.5502,0.3799,0.0564,0.201,0.0282,0.0049,0.0098,0.1103,0.4351464435,0.152293578,"Fullerton","92831-3199",2,0.7351,4,3,1,17750,41100,0.990706891310261,0.720397945160616,0.99997959187643,0.988140541001176,0.924806242337121
"317",420608,"Colleen O'Haras Beauty Academy","CA",0.0317,0.9683,0.0476,0.0159,0.9127,0.0079,0,0,0,0.7441860465,0.1826923077,"Santa Ana","92701-0000",3,0.4907,1,1,3,8731,20700,0.130243323893182,-0.350568669935107,0.993133290493098,0.895989026661549,0.417199242778181
"165",119137,"Moorpark College","CA",0.4857,0.5143,0.5149,0.0195,0.3145,0.085,0.003,0.0023,0.0489,0.4837758112,0.0796946565,"Moorpark","93021-1695",1,0.0184,2,2,2,6000,42400,0.999394830317285,0.887557386998468,0.966659036653296,0.998317667361623,0.962982230332668
"191",120883,"University of the Pacific","CA",0.4842,0.5158,0.2985,0.025,0.1817,0.3306,0.0058,0.006,0.0466,0.3497723824,0.0390309556,"Stockton","95211-0197",2,0.592,4,3,1,20723.5,80600,0.999238227811645,0.601583434670885,0.917401498987972,0.947979356887221,0.866550629589431
"133",117636,"Loma Linda University","CA",0.2945,0.7055,0.3523,0.0395,0.2936,0.2397,0.001,0.0038,0.0452,0.3554817276,0.1476407915,"Loma Linda","92350",2,0.6754,4,3,1,19500,85800,0.834348349573593,0.881565063204354,0.999944134684179,0.951551456918913,0.91685225109526
"112",115515,"Heald College-San Francisco","CA",0.3583,0.6417,0.1176,0.1805,0.2941,0.262,0.0107,0.0495,0.0321,0.5363278975,0.1818086665,"San Francisco","94103",3,0.7248,2,2,2,9500,38900,0.921934390950255,0.245536306058219,0.993505548291694,0.998953825289702,0.789982517647468
"297",382276,"Westech College","CA",0.2346,0.7654,0.1754,0.1689,0.5789,0.011,0,0.0044,0.0066,0.6423611111,0.1604651163,"Fontana","92335",3,0.5935,1,1,3,9323,29000,0.722477319637114,0.431682128345222,0.999345744165911,0.967469087933143,0.780243570020347
"21",110361,"California Baptist University","CA",0.3672,0.6328,0.4068,0.0774,0.3225,0.048,0.0065,0.0106,0.0514,0.4110840438,0.132455669,"Riverside","92504-3297",2,0.7711,4,3,1,20000,43800,0.93156434502952,0.912583174083198,0.997827354931331,0.979696197852729,0.955417767974195
"231",123299,"Shasta College","CA",0.4138,0.5862,0.6979,0.0154,0.1415,0.0338,0.0276,0.0044,0.0431,0.5364949981,0.1527950311,"Redding","96003",1,0.0423,2,2,2,5869,30600,0.97164098625578,0.536177003558998,0.999966244437029,0.998938681036221,0.876680728822007
"7",109040,"American Career College-Los Angeles","CA",0.2188,0.7812,0.0484,0.1494,0.6454,0.0694,0.0043,0.0081,0.0632,0.5788822948,0.1301510989,"Los Angeles","90004",3,0.6497,2,1,2,9500,32900,0.688184450951215,0.333150886925057,0.997238358993415,0.991582107619497,0.752538951122296
"162",118930,"Mission College","CA",0.4511,0.5489,0.1799,0.038,0.2503,0.4391,0.0016,0.0055,0.0422,0.5454545455,0.1666666667,"Santa Clara","95054-1897",1,0.0048,2,2,2,4500,40600,0.991201419222708,0.220435344911406,0.998272602422524,0.997967333287976,0.801969174961153
"379",457208,"InterCoast Colleges-Elk Grove","CA",0.6625,0.3375,0.2125,0.3125,0.175,0.1,0.025,0.0125,0.025,0.5297580118,0.238625363,"Elk Grove","95624",3,0.9213,1,1,3,9500,26100,0.89175726811629,-0.0488897304134546,0.948459873847114,0.999462998458603,0.697697602502138
"193",121044,"Pasadena City College","CA",0.4773,0.5227,0.0948,0.0441,0.4828,0.2335,0.0011,0.0012,0.0933,0.5768993206,0.0511090784,"Pasadena","91106-2003",1,0.0106,2,2,2,4944,37500,0.998286012576201,0.591864633436503,0.934325668963528,0.992082397592346,0.879139678142144
"98",114789,"Fresno City College","CA",0.4812,0.5188,0.2341,0.0591,0.5094,0.1477,0.0057,0.0019,0.0262,0.5375017723,0.0932804083,"Fresno","93741",1,0.0227,2,2,2,3000,31000,0.998871021936351,0.843064772628624,0.978220178101849,0.998845134488127,0.954750276788738
"341",439826,"Bryan College-Gold River","CA",0.6471,0.3529,0.3647,0.1176,0.1647,0.0471,0,0.0471,0.1412,0.4915254237,0.1780821918,"Gold River","95670-4443",3,0.4474,2,2,2,18000,41600,0.911075337205395,0.344973237334226,0.994961308292716,0.999088077127812,0.812524489990037
"131",117274,"Lassen Community College","CA",0.7577,0.2423,0.4134,0.2025,0.2292,0.0367,0.024,0.017,0.0284,0.4897494305,0.1141804788,"Susanville","96130",1,0.0386,2,2,2,5500,32500,0.730219323509176,0.597692042280394,0.991217845840303,0.998932195040822,0.829515351667674
"390",468769,"CET-Soledad","CA",0.3191,0.6809,0,0.0106,0.9787,0.0106,0,0,0,0.6605664488,0.2064714946,"Soledad","93960-2996",2,0.2088,1,1,3,5278,24900,0.871977111633786,-0.643997867600393,0.979219962154627,0.957655706057756,0.541213728061444
"175",119544,"The National Hispanic University","CA",0.1702,0.8298,0.1277,0,0.4255,0.0426,0,0,0.0426,0.6891891892,0.2475247525,"San Jose","95127-3823",3,0.3615,4,3,1,11000,42700,0.570181762908207,0.612744767341774,0.937519338101515,0.939614980335751,0.765015212171812
"346",440819,"Miami Ad School-San Francisco","CA",0.4891,0.5109,0.3696,0.0109,0.0326,0.1196,0,0,0,0.2034883721,0.097826087,"San Francisco","94109",3,0.2519,1,1,2,16333,81700,0.999683154930479,0.547981021328161,0.981540948622645,0.813127344037774,0.835583117229765
"209",122375,"San Diego Mesa College","CA",0.4817,0.5183,0.3316,0.0664,0.3366,0.1578,0.0036,0.0067,0.0605,0.508899143,0.110374891,"San Diego","92111-4998",1,0.0223,2,2,2,3500,40100,0.998937222995568,0.959416610719392,0.989283305512799,0.999964657487991,0.986900449178937
"142",117803,"Los Angeles County College of Nursing and Allied Health","CA",0.2157,0.7843,0.2206,0.049,0.3873,0.3333,0.0049,0,0.0049,0.5084745763,0.2537313433,"Los Angeles","90033-1084",1,0.3622,2,2,2,10500,83300,0.681221739547833,0.611340495714347,0.929266417113926,0.999957259301096,0.805446477919301
"100",114859,"Fullerton College","CA",0.4863,0.5137,0.2326,0.0312,0.5158,0.1368,0.0027,0.0035,0.0319,0.5630897169,0.0643766218,"Fullerton","92832-2095",1,0.0259,2,2,2,4750,37200,0.9994524312389,0.817065845584244,0.950682706953536,0.995141465712144,0.940585612372206
"222",122834,"Santa Barbara Business College-Bakersfield","CA",0.3078,0.6922,0.1299,0.0587,0.7527,0.0302,0.0071,0.0053,0.016,0.6630901288,0.1588235294,"Bakersfield","93309",3,0.8038,3,2,1,17450,24900,0.855293524696395,0.29313019246078,0.999544284840149,0.956193400736771,0.776040350683524
"62",111939,"Chaffey College","CA",0.4179,0.5821,0.1835,0.0841,0.6032,0.0566,0.0021,0.0031,0.0328,0.5838965619,0.0974208807,"Rancho Cucamonga","91737-3002",1,0,2,2,2,3500,34000,0.97433554936879,0.645757592947246,0.981256076640366,0.990248671687524,0.897899472660982
"285",372037,"Everest College-City of Industry","CA",0.2565,0.7435,0.0585,0.0315,0.7177,0.0247,0.0067,0.0146,0.0461,0.6168505517,0.125,"City of Industry","91746-1023",3,0.6175,2,1,2,9245,27900,0.766707267316277,0.232615529460029,0.995666741910532,0.979047023438006,0.743509140531211
"196",121309,"Point Loma Nazarene University","CA",0.3617,0.6383,0.6176,0.023,0.218,0.0508,0.0086,0.0086,0.0586,0.25382263,0.0606936416,"San Diego","92106-2899",2,0.6232,4,3,1,18560,52300,0.925688051008816,0.737615049069255,0.94637659029689,0.868939464295383,0.869654788667586
"143",117867,"Los Angeles Mission College","CA",0.3953,0.6047,0.1115,0.0318,0.7599,0.0527,0.0015,7e-04,0.01,0.7049486461,0.1417541692,"Sylmar","91342-3200",1,0.0308,2,2,2,8000,32200,0.957810164962639,0.242087069431605,0.999487150578978,0.92831888773672,0.781925818177486
"40",110644,"University of California-Davis","CA",0.4238,0.5762,0.2967,0.0209,0.1834,0.342,0.0017,0.0049,0.0539,0.4136546185,0.0246010638,"Davis","95616-8678",1,0.4191,4,3,1,12999,66000,0.977977087633402,0.560265464597775,0.894641079795448,0.98070596256381,0.853397398647609
"73",112570,"Columbia College-Hollywood","CA",0.5798,0.4202,0.4365,0.1889,0.2085,0.0326,0,0,0.0554,0.3945945946,0.0458715596,"Tarzana","91356-1411",2,0.7229,3,3,1,23192.5,35400,0.973234611753788,0.617077873094071,0.927224719572411,0.972606405287287,0.872535902426889
"26",110486,"California State University-Bakersfield","CA",0.3892,0.6108,0.1835,0.0638,0.5186,0.0678,0.006,7e-04,0.028,0.5885152284,0.0802683897,"Bakersfield","93311-1099",1,0.4069,4,3,1,11000,47700,0.952649482391718,0.742231529361268,0.967196860254669,0.988933736159248,0.912752902041726
"253",125091,"Victor Valley College","CA",0.4297,0.5703,0.3124,0.1183,0.4858,0.0222,0.0036,0.0028,0.0463,0.567694622,0.1309593023,"Victorville","92395-5850",1,0,2,2,2,6000,32400,0.981340141442263,0.786274518257317,0.997452950977909,0.994203998762415,0.939817902359976
"214",122597,"San Francisco State University","CA",0.4357,0.5643,0.2195,0.0477,0.2486,0.2851,0.0024,0.0065,0.0575,0.4696435089,0.0387241414,"San Francisco","94132",1,0.3818,4,3,1,14479,51900,0.984474591593466,0.709994608718608,0.916946341706663,0.996310112073635,0.901931413523093
"243",123651,"Vanguard University of Southern California","CA",0.3395,0.6605,0.458,0.0417,0.3617,0.0402,0.0031,0.0077,0.0505,0.3595505618,0.0929292929,"Costa Mesa","92626",2,0.8094,4,3,1,19500,44600,0.899509392150274,0.890857008682265,0.977952255454472,0.954019626095054,0.930584570595516
"203",121983,"Argosy University-San Francisco Bay Area","CA",0.2741,0.7259,0.2667,0.4,0.163,0.0593,0.0296,0.0444,0,0.5099347495,0.1975711015,"Alameda","94501",3,0.7024,4,3,1,10000,41300,0.799471951551225,-0.980375005900324,0.985307305289883,0.999979756421547,0.451096001840583
"89",114080,"Marinello Schools of Beauty-Moreno Valley","CA",0.0659,0.9341,0.2093,0.1628,0.5465,0.031,0.0155,0.0039,0.0155,0.5448916409,0.1291028446,"Moreno Valley","92553",3,0.7851,1,1,3,8026,17800,0.253146410342565,0.582742707602056,0.996947102349201,0.998037571124799,0.707718447854655
"241",123581,"Pinnacle College","CA",0.9138,0.0862,0.3276,0.2471,0.3276,0.0345,0.0057,0,0.046,0.4139784946,0.092920354,"Alhambra","91803",3,0.677,1,1,2,13000,33900,0.308430374885998,0.442038981964079,0.977945413144422,0.980831359696566,0.677311532422766
"262",244011,"ITT Technical Institute-Sylmar","CA",0.7562,0.2438,0.229,0.0906,0.5091,0.0956,0.0049,0.0066,0.0214,0.4972857507,0.2337406569,"Sylmar","91342-3664",3,0.7738,3,2,1,13566,42800,0.733326773228372,0.814739659421681,0.954017663877175,0.999509074179081,0.875398292676577
"233",123457,"Simpson University","CA",0.3408,0.6592,0.6207,0.0282,0.1211,0.0347,0.0254,9e-04,0.0338,0.4027355623,0.2217573222,"Redding","96003-8606",2,0.9336,4,3,1,16300.5,37900,0.901151058416935,0.608798091116607,0.966309503738401,0.976239134409493,0.863124446920359
"60",111887,"Cerritos College","CA",0.4536,0.5464,0.0777,0.0518,0.6792,0.0917,0.0213,0.0045,0.0158,0.6185751688,0.0734779566,"Norwalk","90650-6298",1,0.0388,2,2,2,3500,35000,0.992114433830941,0.423157290552825,0.960551019822893,0.978344247746417,0.838541747988269
"24",110422,"California Polytechnic State University-San Luis Obispo","CA",0.5409,0.4591,0.5872,0.007,0.1516,0.1185,0.0016,0.002,0.0703,0.2634491919,0.0111754967,"San Luis Obispo","93407",1,0.3391,4,3,1,16500,67400,0.992638242211875,0.707546850664893,0.870980579867343,0.878488849658213,0.862413630600581
"268",262369,"Adrian's College of Beauty Turlock","CA",0.0226,0.9774,0.4361,0.0301,0.4962,0,0,0.0075,0.0301,0.5714285714,0.156462585,"Turlock","95380",3,0.7418,1,1,3,9500,12900,0.095964895438327,0.762074269461331,0.999767055697811,0.993383164075106,0.712797346168144
"289",378105,"Central Coast College","CA",0.1196,0.8804,0.0833,0.0109,0.8333,0.0181,0.0072,0.0072,0.0072,0.7640449438,0.131147541,"Salinas","93901-3301",3,0.3813,1,1,3,5477,30000,0.427244595913535,-0.0378459570972747,0.99750168564156,0.877339193463302,0.566059879480281
"154",118347,"College of Marin","CA",0.412,0.588,0.5385,0.0682,0.2305,0.0699,0.0024,0.0024,0.0517,0.4647177419,0.090541633,"Kentfield","94904-2590",1,0.0925,2,2,2,10062.5,39100,0.970415526648426,0.852155117225166,0.976086885600486,0.995427448237464,0.948521244427886
"219",122746,"San Jose City College","CA",0.4424,0.5576,0.1748,0.066,0.4204,0.2367,0.0051,0.0059,0.0418,0.5979081929,0.1331309627,"San Jose","95128-2798",1,0.0216,2,2,2,5000,34300,0.987634362149794,0.785860850342991,0.997986577681482,0.986003084499342,0.939371218668402
"322",431141,"Institute of Technology Inc","CA",0.4412,0.5588,0.3779,0.0477,0.3067,0.0235,0.0067,7e-04,0.0242,0.5640194489,0.2323117669,"Clovis","93612",3,0.6949,2,1,2,9500,28800,0.987094833517336,0.843077795182599,0.955583519719554,0.994958849423121,0.945178749460653
"176",119553,"National Holistic Institute","CA",0.3367,0.6633,0.4122,0.0933,0.1889,0.0689,0.0111,0.0278,0.1522,0.4606060606,0.1463210702,"Emeryville","94608-2008",3,0.8004,1,1,3,9500,35700,0.895927574841197,0.565969096804019,0.999881719363178,0.994618250373564,0.86409916034549
"158",118772,"Merritt College","CA",0.3404,0.6596,0.1896,0.2961,0.2422,0.1513,0.0041,0.0053,0.0491,0.5377113134,0.1056724611,"Oakland","94619-3196",1,0.0443,2,1,2,8970,39700,0.900647370357926,0.11393374219834,0.986627098405515,0.998825167868882,0.750008344707666
"61",111920,"Chabot College","CA",0.4697,0.5303,0.1845,0.1204,0.3646,0.2339,0.0026,0.017,0.0586,0.5564689064,0.1188829787,"Hayward","94545",1,0.0162,2,2,2,7100,39800,0.99679638874222,0.753487158758253,0.993342553943706,0.996344495604097,0.934992649262069
"380",458186,"Brightwood College-Chula Vista","CA",0.1756,0.8244,0.0394,0.1147,0.7563,0.0466,0,0.0179,0,0.487704918,0.2664092664,"Chula Vista","91910",3,0.5822,2,1,2,9476.5,39000,0.584226307620922,0.087810385118396,0.910818171959791,0.998737522958609,0.64539809691443
"260",126119,"Yuba College","CA",0.4027,0.5973,0.4294,0.0383,0.3044,0.1137,0.012,0.004,0.061,0.5696155282,0.1782380397,"Marysville","95901",1,0,2,2,2,4500,32800,0.96367105873694,0.954746712419674,0.994904122285437,0.993788512422209,0.976777601466065
"293",381325,"CET-Santa Maria","CA",0.2276,0.7724,0.069,0.0207,0.8759,0.0069,0,0,0.0276,0.6605664488,0.2064714946,"Santa Maria","93458",2,0.3563,1,1,3,5278,24900,0.707530680490888,-0.167623785520491,0.979219962154627,0.957655706057756,0.619195640795695
"14",109819,"Bakersfield College","CA",0.442,0.558,0.2298,0.04,0.6473,0.0377,0.0042,0.0011,0.032,0.6388429752,0.0887928966,"Bakersfield","93305-1299",1,0.0328,2,2,2,7750,34900,0.987455799292789,0.596808110380042,0.974672627677662,0.969216566395696,0.882038275936547
"337",437936,"Carrington College-San Jose","CA",0.123,0.877,0.241,0.0186,0.4845,0.1839,0.0112,0.0298,0.0261,0.5172798216,0.1471196455,"San Jose","95138",3,0.6076,2,1,2,12117,31100,0.437490999855998,0.75514709469848,0.999922251967245,0.999966889446375,0.798131808992024
"303",399869,"Southern California Institute of Technology","CA",0.9506,0.0494,0.23,0.0798,0.4753,0.1635,0.0019,0.019,0.0228,0.5820610687,0.2551928783,"Anaheim","92801-3758",3,0.5262,3,1,1,9500,32200,0.180599849597594,0.834268688501413,0.927248563479988,0.99074815144895,0.733216313256986
"138",117724,"Los Angeles Trade Technical College","CA",0.5403,0.4597,0.0637,0.2133,0.6047,0.0472,0.0027,0.0023,0.0202,0.6194180351,0.08125,"Los Angeles","90015-4181",1,0.049,2,1,2,4500,31400,0.992842725483608,0.175608365596926,0.968106890475075,0.97799656543793,0.778638636748385
"210",122384,"San Diego Miramar College","CA",0.5644,0.4356,0.3785,0.0488,0.2375,0.2268,0.0036,0.0087,0.0616,0.487804878,0.2040410732,"San Diego","92126-2999",1,0.023,2,1,2,3500,42200,0.982363877822045,0.87945499703597,0.980986681954669,0.998747419623917,0.96038824410915
"53",111638,"Casa Loma College-Van Nuys","CA",0.2668,0.7332,0.2197,0.1435,0.4888,0.1368,0,0.0022,0.0067,0.5059382423,0.152854512,"Van Nuys","91405",2,0.7281,2,1,2,14820,49900,0.786182818925103,0.738622004887645,0.999964439569465,0.999898428462323,0.881166922961134
"358",447120,"Brightwood College-Fresno","CA",0.1477,0.8523,0.2424,0.0189,0.6591,0.0417,0.0076,0,0,0.6077694236,0.175470009,"Clovis","93612",3,0.5822,2,1,2,8801,22000,0.509151786428583,0.531467895187777,0.995871778036451,0.982556328202117,0.754761946963732
"344",440299,"Everest College-Ontario Metro","CA",0.4,0.6,0.1486,0.0931,0.6139,0.05,0,0.0139,0.0653,0.5629791895,0.216730038,"Ontario","91761",3,0.8181,3,2,1,13283,27600,0.961583385334165,0.567475785231783,0.970898146213534,0.995162951247368,0.873780067006713
"288",377759,"Capstone College","CA",0.9,0.1,0.2,0.125,0.575,0.05,0.025,0.025,0,0.7169811321,0.1975308642,"Pasadena","91103",3,0.8627,1,1,3,7146.5,27200,0.353573657178515,0.576142680228583,0.985332435529628,0.91904255682201,0.708522832439684
"132",117627,"La Sierra University","CA",0.4202,0.5798,0.148,0.0735,0.4323,0.1543,0.0029,0.0185,0.0385,0.3965341488,0.0294882914,"Riverside","92515-8247",2,0.695,4,3,1,14500,46000,0.975788252612042,0.778151996949019,0.90265955255204,0.973495328148863,0.907523782565491
"342",439871,"PCI College","CA",0.1489,0.8511,0.2021,0.117,0.5851,0.0426,0.0106,0,0,0.5802469136,0.137254902,"Cerritos","90703",3,0.6345,1,1,2,12000,43600,0.512508960143362,0.605538760436212,0.998827461333043,0.991228922106127,0.777026026004686
"295",381945,"Los Angeles ORT College-Van Nuys Campus","CA",0.3565,0.6435,0.7161,0.0063,0.2492,0.0284,0,0,0,0.6560509554,0.4837905237,"Van Nuys","91411",2,0.354,2,2,2,6764,27200,0.919909718555497,0.522583042446095,0.262290434781039,0.960210194576509,0.666248347589785
"99",114813,"Fresno Pacific University","CA",0.3121,0.6879,0.3681,0.0541,0.4184,0.0388,0.0104,0.0069,0.02,0.4746932515,0.2896379526,"Fresno","93702-4709",2,0.6761,4,3,1,16500,41300,0.861762548200771,0.881912247721647,0.871476565216143,0.997116827234082,0.903067047093161
"76",113096,"Cosumnes River College","CA",0.4338,0.5662,0.2532,0.1327,0.2358,0.2701,0.0055,0.0192,0.0591,0.5077508043,0.1345818815,"Sacramento","95823-5799",1,0.0483,2,2,2,5500,32100,0.983513176210819,0.696542908992354,0.998308187086847,0.999943027734096,0.919576825006029
"104",115010,"Glendale Career College","CA",0.237,0.763,0.1792,0.0578,0.5578,0.1301,0,0.0029,0,0.5464480874,0.1896758703,"Glendale","91203",3,0.7213,1,1,2,9500,31100,0.727511640186243,0.696981992660742,0.989826317232793,0.997840348111463,0.85304007454781
"163",118967,"Brightwood College-North Hollywood","CA",0.4422,0.5578,0.2404,0.0476,0.5141,0.1375,0.0039,0.0231,0,0.5804540967,0.1402616279,"North Hollywood","91606-3231",3,0.6766,1,1,2,9400.5,39400,0.987545240723852,0.764266142155659,0.999298122230566,0.991174665152565,0.93557104256566
"46",110714,"University of California-Santa Cruz","CA",0.4722,0.5278,0.3465,0.0196,0.3155,0.2035,0.0015,0.0017,0.074,0.3845369237,0.0106086957,"Santa Cruz","95064-1011",1,0.5458,4,3,1,16500,49300,0.997337397398358,0.884145455327446,0.869928997509906,0.967761703769001,0.929793388501178
"275",368771,"Hypnosis Motivation Institute","CA",0.28,0.72,0.6,0.0667,0.1467,0.04,0.0133,0,0.1333,0.3604651163,0.2666666667,"Tarzana","91356-4159",2,0.7845,1,1,3,9500,31000,0.809900958415335,0.545676158382519,0.910421499315035,0.954565516639884,0.805141033188193
"13",109785,"Azusa Pacific University","CA",0.3535,0.6465,0.4714,0.0448,0.2614,0.0912,0.0019,0.0095,0.0738,0.3616438356,0.1867158672,"Azusa","91702-7000",2,0.5172,4,3,1,18500,53300,0.916477663642618,0.896685758410794,0.991307100462,0.955264276888671,0.939933699851021
"292",381282,"CET-Oxnard","CA",0.605,0.395,0.0588,0,0.916,0.0252,0,0,0,0.6605664488,0.2064714946,"Oxnard","93030",2,0.3238,1,1,3,5278,24900,0.954203267252276,-0.337967545337712,0.979219962154627,0.957655706057756,0.638277847531737
"206",122296,"Samuel Merritt University","CA",0.182,0.818,0.4004,0.0345,0.1533,0.2682,0.0019,0.0096,0.0996,0.3698030635,0.1834319527,"Oakland","94609",2,0.7334,4,3,1,18750,112000,0.600569609113746,0.680173198243837,0.992813719379706,0.95995270041911,0.8083773067891
"50",111434,"Canada College","CA",0.353,0.647,0.2808,0.0387,0.4605,0.1243,0.0025,0.0158,0.0348,0.6212121212,0.1166509878,"Redwood City","94061-1099",1,0.013,2,1,2,6000,36800,0.91589865437847,0.884688950879269,0.992370713105924,0.977247285777918,0.942551401035395
"91",114266,"Evergreen Valley College","CA",0.4668,0.5332,0.0796,0.0296,0.4057,0.3825,0.0042,0.0051,0.0269,0.638209266,0.1701524282,"San Jose","95135-1598",1,0.0153,2,2,2,6000,40000,0.996106177698843,0.306665540802435,0.997445102913491,0.969526206223501,0.817435756909568
"190",120865,"Pacific Union College","CA",0.4371,0.5629,0.2786,0.0853,0.271,0.1813,0.0025,0.0208,0.0758,0.2765957447,0.0536585366,"Angwin","94508-9707",2,0.7787,4,3,1,21500,54200,0.985164522632362,0.854289949365745,0.937650311097014,0.890946583239261,0.917012841583596
"221",122791,"College of San Mateo","CA",0.5061,0.4939,0.3016,0.0342,0.2966,0.2399,0.0014,0.02,0.0514,0.5222465354,0.0606767795,"San Mateo","94402-3784",1,0.0089,2,1,2,4403,44000,0.999737555800893,0.832404623061951,0.946356460818535,0.99983902643947,0.944584416530212
"333",437662,"ICDC College","CA",0.2184,0.7816,0.19,0.513,0.1679,0.0036,0.0089,0.0021,0.0438,0.5910430171,0.2078134588,"Huntington Park","90255",3,0.5358,2,1,2,8401.5,24100,0.687290356645706,-2.09569571151315,0.978210834574086,0.988178871006351,0.139496087678248
"184",120184,"Notre Dame de Namur University","CA",0.3331,0.6669,0.254,0.0646,0.3662,0.1189,0.0059,0.0306,0.0391,0.4130434783,0.0960118168,"Belmont","94002-1908",2,0.6826,4,3,1,18750,53500,0.891230219683515,0.835135292440831,0.980248481557898,0.980468230046668,0.921770555932228
"48",111054,"California Hair Design Academy","CA",0.2205,0.7795,0.2462,0.0769,0.5949,0.0359,0,0,0.0308,0.5201793722,0.2304964539,"La Mesa","91941-5055",3,0.5446,1,1,3,6333,21600,0.691970071521144,0.680317526139591,0.95753371844317,0.999903923772221,0.832431309969032
"171",119359,"Everest College-Reseda","CA",0.2701,0.7299,0.1242,0.0403,0.6762,0.0587,0.0101,0.005,0.0319,0.5614035088,0.1289045315,"Reseda","91335-4631",3,0.541,2,1,2,9500,30200,0.792243035888574,0.470428982440289,0.996890359057635,0.995464071843609,0.813756612307527
"111",115490,"Heald College-San Jose","CA",0.3421,0.6579,0.0622,0.0255,0.299,0.1292,0.0064,0.0104,0.0287,0.5363278975,0.1818086665,"Milpitas","95035-8008",3,0.7657,2,2,2,9500,43800,0.902779204467271,0.626055371807252,0.993505548291694,0.998953825289702,0.88032348746398
"148",118161,"Lytles Redwood Empire Beauty College Inc","CA",0.053,0.947,0.7197,0.0303,0.1818,0.0227,0.0152,0,0,0.4661654135,0.1503267974,"Santa Rosa","95403",3,0.5971,1,1,3,8255,22600,0.207887326197219,0.504617342745966,0.999999695802485,0.995696673179303,0.677050259481243
"120",116466,"ITT Technical Institute-National City","CA",0.7868,0.2132,0.2482,0.1742,0.3243,0.1522,0.015,0.009,0.043,0.4972857507,0.2337406569,"National City","91950",3,0.5434,3,2,1,13566,42800,0.666372901966431,0.773586798661804,0.954017663877175,0.999509074179081,0.848371609671123
"242",123642,"South Coast College","CA",0.0877,0.9123,0.3567,0.0292,0.3772,0.0877,0.0058,0.0029,0.0556,0.5691489362,0.1885964912,"Orange","92868-2609",3,0.7481,2,1,2,19097,33000,0.326604865677851,0.926167561669178,0.990379775920046,0.993890757238763,0.80926074012646
"110",115472,"Heald College-Fresno","CA",0.2959,0.7041,0.1322,0.0776,0.6018,0.0669,0.0092,0.0031,0.0054,0.5363278975,0.1818086665,"Fresno","93704",3,0.7873,2,2,2,9500,31700,0.836619745915935,0.573775186450407,0.993505548291694,0.998953825289702,0.850713576486934
"101",114938,"Gavilan College","CA",0.4857,0.5143,0.3054,0.0227,0.561,0.0524,0.0048,0.004,0.0185,0.6130811663,0.0906344411,"Gilroy","95020",1,0.017,2,2,2,5825,30800,0.999394830317285,0.749868316528043,0.976160807110542,0.980542679331583,0.926491658321863
"107",115296,"Grossmont College","CA",0.444,0.556,0.411,0.0665,0.3254,0.0835,0.0026,0.0048,0.0647,0.5729029425,0.1735620585,"El Cajon","92020-1799",1,0.018,2,2,2,3500,37800,0.988335813373014,0.94297891695457,0.996479501319565,0.993044088640901,0.980209580072013
"363",448576,"Argosy University-The Art Institute of California-Inland Empire","CA",0.5684,0.4316,0.1864,0.1287,0.5167,0.0334,0.0076,0.0238,0,0.5099347495,0.1975711015,"San Bernardino","92408-2800",3,0.8617,3,2,1,10000,41300,0.980175042800685,0.585512145429736,0.985307305289883,0.999979756421547,0.887743562485463
"313",417062,"Estes Institute of Cosmetology Arts and Science","CA",0.0395,0.9605,0.3158,0.0132,0.5526,0.0395,0.0132,0,0.0526,0.6142857143,0.1458333333,"Visalia","93291",3,0.2773,1,1,3,4475,18100,0.159097545560729,0.752184055093765,0.999852796197093,0.980070746769988,0.722801285905394
"305",409698,"California State University-Monterey Bay","CA",0.3795,0.6205,0.3238,0.0643,0.423,0.0535,0.0051,0.0042,0.0616,0.4623194065,0.0807764559,"Seaside","93955-8001",1,0.477,4,3,1,11525,43300,0.94383010128162,0.893685591182517,0.967669475903629,0.994963452387792,0.95003715518889
"220",122755,"San Jose State University","CA",0.5177,0.4823,0.2098,0.0342,0.2488,0.3567,0.0014,0.0078,0.052,0.4900055525,0.0455791638,"San Jose","95192-0001",1,0.3501,4,3,1,12500,60200,0.998447615161843,0.523413322445888,0.926817552966199,0.998955433907359,0.861908481120322
"296",382267,"Royale College of Beauty","CA",0.2895,0.7105,0.3684,0.1842,0.4079,0.0263,0.0132,0,0,0.5714285714,0.2195121951,"Temecula","92590",3,0.4646,1,1,3,6333,21400,0.826108217731484,0.657588189770174,0.96840023089017,0.993383164075106,0.861369950616733
"277",368805,"Everest College-West Los Angeles","CA",0.2735,0.7265,0.0588,0.2853,0.4559,0.0382,0.0088,0.0118,0.0647,0.6168505517,0.125,"Los Angeles","90034-3169",3,0.6374,2,1,2,9245,27900,0.798395774332389,-0.0594246004467025,0.995666741910532,0.979047023438006,0.678421234808556
"44",110680,"University of California-San Diego","CA",0.5249,0.4751,0.2247,0.0117,0.1623,0.3849,0.0013,0.0034,0.0475,0.4044755671,0.0179656896,"La Jolla","92093",1,0.4124,4,3,1,17382.5,69400,0.997105513688219,0.34325268218405,0.883246542697246,0.976982069372755,0.800146701985567
"137",117715,"Los Angeles Southwest College","CA",0.302,0.698,0.0177,0.5742,0.3277,0.02,0.002,0.0025,0.025,0.5869660942,0.0673846154,"Los Angeles","90047-4899",1,0.0315,2,2,2,3500,30200,0.846333541336661,-3.03819891352909,0.954065939600998,0.989384041444527,-0.062103847786727
"304",400080,"Summit College","CA",0.3047,0.6953,0.1584,0.1433,0.4811,0.0543,0.0075,0.0528,0.0226,0.5487804878,0.2350993377,"Colton","92324",3,1,1,1,3,8444,31800,0.850538048608778,0.354247023311468,0.95250358836262,0.997527125596249,0.788703946469779
"181",120069,"North-West College-Pomona","CA",0.1306,0.8694,0.0821,0.0373,0.7537,0.041,0,0.0037,0,0.5852918878,0.1893258427,"Pomona","91768",3,0.9812,1,1,3,8698,23200,0.460060320965135,0.182296472713508,0.990007492012495,0.989860186624513,0.655556118078913
"197",121381,"Westwood College-South Bay","CA",0.4717,0.5283,0.0794,0.2358,0.4717,0.034,0.0023,0.0181,0.0136,0.6068111455,0.1217656012,"Torrance","90502",3,0.8249,3,3,1,22000,35100,0.997233195731132,0.178201817260767,0.994499752201078,0.982907896790028,0.788210665495751
"329",434140,"Pima Medical Institute-Chula Vista","CA",0.2431,0.7569,0.2653,0.061,0.5161,0.1077,0.0044,0.0022,0.0266,0.5067976493,0.2110944313,"Chula Vista","91910",3,0.659,2,1,2,8445,29800,0.740099801596825,0.851825849269188,0.975642860436077,0.99992117102164,0.891872420580932
"45",110705,"University of California-Santa Barbara","CA",0.4746,0.5254,0.3654,0.0214,0.2534,0.1903,0.0011,0.001,0.0842,0.4173897325,0.0049953169,"Santa Barbara","93106",1,0.423,4,3,1,14500,58200,0.997809724955599,0.855865656077876,0.859284083752717,0.982127280657354,0.923771686360887
"19",110246,"Butte College","CA",0.4764,0.5236,0.6006,0.0257,0.1916,0.0547,0.017,0.0046,0.021,0.5041250543,0.1058274252,"Oroville","95965-8399",1,0.1223,2,1,2,7911,35800,0.998133730139682,0.729323226783789,0.98671931226465,0.999841002589374,0.928504317944374
"84",113698,"Dominican University of California","CA",0.2604,0.7396,0.3287,0.0401,0.2106,0.2023,0.0041,0.011,0.0449,0.328358209,0.0433333333,"San Rafael","94901-2298",2,0.6988,4,3,1,25000,58400,0.77418134690155,0.8588486532342,0.923652325777145,0.933449528887528,0.872532963700106
"149",118189,"MTI Business College Inc","CA",0.0274,0.9726,0.2397,0.5137,0.1438,0.0479,0.0342,0.0205,0,0.4876033058,0.1122994652,"Stockton","95207-4349",3,1,1,1,3,9500,25800,0.114128386054177,-2.08732709573732,0.990285695155372,0.998727422801139,0.00395360206834325
"170",119331,"Napa Valley College","CA",0.4423,0.5577,0.3232,0.0669,0.3778,0.1433,0.0037,0.0049,0.0542,0.5432276657,0.0863350486,"Napa","94558-6236",1,0.0165,2,2,2,7000,42500,0.987589841437463,0.962114525784898,0.972616208961607,0.998237976891848,0.980139638268954
"121",116475,"ITT Technical Institute-San Dimas","CA",0.7677,0.2323,0.2069,0.0544,0.5789,0.0853,0.0018,0.0018,0.0254,0.4972857507,0.2337406569,"San Dimas","91773",3,0.8052,3,2,1,13566,42800,0.709042984687755,0.71850026642553,0.954017663877175,0.999509074179081,0.845267497292385
"27",110495,"California State University-Stanislaus","CA",0.3582,0.6418,0.2585,0.0246,0.475,0.1121,0.0043,0.0073,0.0363,0.5922123894,0.0760466349,"Turlock","95382-0299",1,0.3966,4,3,1,12750,45100,0.921822589161427,0.855380076230831,0.963137037574867,0.987821240230108,0.932040235799308
"105",115083,"Golden Gate University-San Francisco","CA",0.4751,0.5249,0.2697,0.1183,0.1618,0.1535,0.0041,0.0394,0.0394,0.4507772021,0.2663755459,"San Francisco","94105-2968",2,0.6695,4,3,1,20078,75900,0.997902326437223,0.629316039404016,0.910870072501044,0.992416873057939,0.882626327850055
"174",119508,"Everest College-San Bernardino","CA",0.4152,0.5848,0.1208,0.1411,0.5753,0.0109,0.0136,0.0109,0.076,0.6028368794,0.1762611276,"San Bernardino","92408",3,0.5582,2,1,2,7489.5,24000,0.97257620121922,0.46410731660891,0.995605605654308,0.984327755753198,0.854154219808909
"139",117733,"Los Angeles Valley College","CA",0.4346,0.5654,0.3012,0.0544,0.4924,0.0797,0.0017,0.0016,0.0213,0.5727190605,0.1509751177,"Valley Glen","91401-4096",1,0.0372,2,1,2,6750,36700,0.983921502744044,0.85759064927203,0.999998746931618,0.993086840195852,0.958649434785886
"328",433420,"Santa Barbara Business College-Ventura","CA",0.183,0.817,0.2281,0.0769,0.6154,0.0212,0.008,0.008,0.0159,0.603125,0.2325581395,"Ventura","93003",3,0.8635,4,2,1,13400,35200,0.603093649498392,0.619844067301283,0.955315466433066,0.984226890515002,0.790620018436936
"247",124487,"Epic Bible College","CA",0.5144,0.4856,0.375,0.1971,0.1298,0.0385,0.0192,0.024,0.101,0.523364486,0.3120567376,"Sacramento","95841",2,0.6402,3,3,1,9500,35000,0.998924142786285,0.434226685008698,0.826708762329509,0.999796990063873,0.814914145047091
"237",123527,"San Bernardino Valley College","CA",0.4296,0.5704,0.1423,0.123,0.6443,0.0446,0.0021,0.0036,0.0336,0.6216968011,0.1036585366,"San Bernardino","92410-2798",1,0.0018,2,2,2,3500,31200,0.981285460567369,0.49200156158087,0.985399665268597,0.977042712423839,0.858932349960169
"298",395362,"Copper Mountain Community College","CA",0.3532,0.6468,0.5907,0.0386,0.2491,0.0342,0.0109,0.0044,0.0626,0.5169029444,0.3078994614,"Joshua Tree","92252",1,0.1043,2,2,2,7750,32400,0.916130498087969,0.777882403562485,0.835514680062911,0.999972667287397,0.88237506225019
"376",454573,"Milan Institute of Cosmetology-Visalia","CA",0.0498,0.9502,0.2537,0.0299,0.6716,0.01,0.0149,0,0.005,0.5827374872,0.2455308282,"Visalia","93277",3,0.5795,1,1,3,8500,21900,0.196454183266932,0.49915454479513,0.940062048320412,0.990565610307707,0.656559096672545
"92",114354,"Fashion Institute of Design & Merchandising-Los Angeles","CA",0.1038,0.8962,0.3533,0.0554,0.2253,0.1171,0.0035,0.0073,0.0306,0.3405762872,0.0307298335,"Los Angeles","90015-1421",3,0.5698,3,2,1,12000,41800,0.378415494647914,0.89849300077998,0.904646005003693,0.941958627863565,0.780878282073788
"54",111708,"CET-San Diego","CA",0.83,0.17,0.2213,0.1502,0.5771,0.0079,0.0079,0.0316,0.004,0.6605664488,0.2064714946,"San Diego","92102",2,0.3922,1,1,3,5278,24900,0.559096945551129,0.444444298812116,0.979219962154627,0.957655706057756,0.735104228143907
"186",120342,"Orange Coast College","CA",0.5229,0.4771,0.3385,0.0155,0.3357,0.1991,0.0024,0.0028,0.0428,0.5124388688,0.0747724317,"Costa Mesa","92626",1,0.0197,2,2,2,4375,41600,0.997519920318725,0.900031586579853,0.961865189730183,0.999998992739738,0.964853922342125
"82",113573,"College of the Desert","CA",0.4695,0.5305,0.2055,0.0299,0.6682,0.0312,0.0041,0.0019,0.0223,0.6317962836,0.0892401836,"Palm Desert","92260",1,0,2,2,2,4957,34600,0.996750948015168,0.514177572110237,0.975038229558319,0.972571622509828,0.864634593048388
"88",114071,"Marinello Schools of Beauty-Burbank","CA",0.0352,0.9648,0.3474,0.1244,0.4742,0.0235,0.0047,0.0023,0.0235,0.5680147059,0.1629526462,"Burbank","91502",3,0.7196,1,1,3,9143,16900,0.143250932014912,0.790576110152204,0.99897666210144,0.994135764078042,0.731734867086649
"58",111762,"CET-Watsonville","CA",0.5417,0.4583,0,0.0104,0.9792,0,0,0.0104,0,0.6605664488,0.2064714946,"Watsonville","95076",2,0.1206,1,1,3,5278,24900,0.992361117777884,-0.661040459304289,0.979219962154627,0.957655706057756,0.567049081671495
"230",123217,"College of the Sequoias","CA",0.4399,0.5601,0.2579,0.0258,0.6203,0.0432,0.0051,0.0016,0.0318,0.5671641791,0.1094500801,"Visalia","93277-2214",1,0.0204,2,2,2,3077.5,30400,0.986497343957503,0.65225797112626,0.988784125179571,0.994316198075967,0.905463909584825
"79",113236,"Cypress College","CA",0.4412,0.5588,0.2058,0.0426,0.4404,0.2268,0.0024,0.0045,0.0357,0.5560231457,0.0822772078,"Cypress","90630-5897",1,0.0216,2,2,2,6000,37900,0.987094833517336,0.806267001437488,0.969045486103828,0.996419353788511,0.939706668711791
"250",124937,"Concorde Career College-North Hollywood","CA",0.3871,0.6129,0.1339,0.0516,0.5677,0.1081,0.0032,0.0403,0.0145,0.5582733813,0.1114457831,"North Hollywood","91606-3134",3,0.5708,2,1,2,9500,42500,0.950803972863566,0.492738825585744,0.989847138629181,0.996033550939333,0.857355872004456
"39",110635,"University of California-Berkeley","CA",0.4788,0.5212,0.2758,0.0209,0.1384,0.3509,0.0016,0.0027,0.0471,0.3648559126,0.0253479853,"Berkeley","94720",1,0.2698,4,3,1,13597,74000,0.998525416406662,0.470191692101896,0.895887096157078,0.957140954334668,0.830436289750076
"359",447272,"Argosy University-Los Angeles","CA",0.3838,0.6162,0.0707,0.4175,0.431,0.0303,0.0034,0.0067,0,0.5099347495,0.1975711015,"Los Angeles","90045",3,0.7492,4,3,1,10000,41300,0.947832605321685,-1.114765068932,0.985307305289883,0.999979756421547,0.454588649525279
"2",108250,"ITT Technical Institute-Rancho Cordova","CA",0.724,0.276,0.472,0.114,0.11,0.076,0.008,0.002,0.04,0.4972857507,0.2337406569,"Rancho Cordova","95670-6034",3,0.7667,3,2,1,13566,42800,0.795692731083697,0.734604742376194,0.954017663877175,0.999509074179081,0.870956052879037
"128",117140,"University of La Verne","CA",0.4267,0.5733,0.2389,0.065,0.4812,0.0526,0.0037,0.0047,0.0319,0.4738821563,0.2078389069,"La Verne","91750-4401",2,0.6662,4,3,1,21012.5,54100,0.979664914638634,0.808915673092231,0.978191467008672,0.996993951348614,0.940941501522038
"389",467368,"Carrington College-Pomona","CA",0.1203,0.8797,0.238,0.0374,0.6471,0.0428,0.0027,0.0107,0.0053,0.5172798216,0.1471196455,"Pomona","91768-2642",3,0.6082,2,1,2,12117,31100,0.429361709787357,0.577377793233098,0.999922251967245,0.999966889446375,0.751657161108519
"75",112826,"Contra Costa College","CA",0.4099,0.5901,0.1097,0.2248,0.3705,0.1894,0.0019,0.0064,0.0531,0.5679012346,0.1003917728,"San Pablo","94806-3195",1,0.0173,2,2,2,4900.5,36300,0.968953063249012,0.416657209442835,0.983294068136174,0.994159999292586,0.840766085030152
"192",120971,"Palomar College","CA",0.556,0.444,0.423,0.0311,0.3822,0.0663,0.0073,0.0057,0.0438,0.5624139514,0.1487341772,"San Marcos","92069-1487",1,0.0124,2,1,2,4500,37200,0.986543784700555,0.922949353153905,0.999978319093869,0.995272084115499,0.976185885265957
"365",449968,"Paul Mitchell the School-San Diego","CA",0.1115,0.8885,0.4496,0.0791,0.3669,0.0755,0.0072,0.0108,0.0036,0.435723115,0.1411140584,"San Diego","92101",3,0.5584,1,1,3,9833,24700,0.40246143938303,0.910688913468401,0.99940970600575,0.988315226675815,0.825218821383249
"18",110219,"Bryan University","CA",0.324,0.676,0.5355,0.21,0.1337,0.0181,0.0083,0.0076,0.0823,0.506246282,0.2961890979,"Los Angeles","90010",3,0.7468,4,2,1,9058,43500,0.878894062304997,0.403851907299977,0.859085180308476,0.999906911118855,0.785434515258076
"35",110583,"California State University-Long Beach","CA",0.4361,0.5639,0.1998,0.038,0.3791,0.2318,0.005,0.0039,0.0458,0.4808894354,0.042041292,"Long Beach","90840-0115",1,0.3907,4,3,1,13750,50400,0.984673314773036,0.808343439969366,0.921800985044848,0.997970900404387,0.92819716004791
"332",437219,"ITT Technical Institute-Lathrop","CA",0.7516,0.2484,0.3376,0.0807,0.3567,0.1189,0.017,0,0.0573,0.4972857507,0.2337406569,"Lathrop","95330",3,0.7927,3,2,1,13566,42800,0.742744043904702,0.965623566761384,0.954017663877175,0.999509074179081,0.915473587180586
"385",459930,"Heald College-Modesto","CA",0.1909,0.8091,0.165,0.0162,0.1855,0.0162,0.0065,0.0097,0.0194,0.5363278975,0.1818086665,"Salida","95367",3,0.7853,2,2,2,9500,39600,0.622752324037185,0.558209387134748,0.993505548291694,0.998953825289702,0.793355271188332
"239",123563,"Solano Community College","CA",0.4056,0.5944,0.3218,0.1486,0.2556,0.1449,0.0025,0.0082,0.0904,0.511472983,0.1416062802,"Fairfield","94534-3197",1,0.0303,2,2,2,6224.5,40500,0.965848413574617,0.803640238230041,0.999469741602114,0.999994468254399,0.942238215415293
"103",115001,"Glendale Community College","CA",0.4476,0.5524,0.461,0.0246,0.3075,0.102,0.0013,9e-04,0.0282,0.580443828,0.1701707098,"Glendale","91208-2894",1,0.0161,2,2,2,5250,36000,0.989839197427159,0.908104235108363,0.997440337438692,0.991177358252371,0.971640282056646
"126",117104,"Life Pacific College","CA",0.4656,0.5344,0.5365,0.0397,0.2902,0.0543,0.0021,0.0188,0.0355,0.385665529,0.0536277603,"San Dimas","91773-3298",2,0.5927,4,3,1,15245,33500,0.995800892814285,0.837109273940256,0.93761069192245,0.96832498212248,0.934711460199868
"269",363387,"Heald College-Roseville","CA",0.2699,0.7301,0.3569,0.0383,0.0565,0.0364,0.0115,0.0144,0.0297,0.5363278975,0.1818086665,"Roseville","95678",3,0.7786,2,2,2,9500,35800,0.791878230051681,0.599554792075252,0.993505548291694,0.998953825289702,0.845973098927082
"180",119951,"North Adrian's College of Beauty Inc","CA",0.0107,0.9893,0.2964,0.0643,0.5571,0.0536,0,0,0.0286,0.6995305164,0.1818181818,"Modesto","95350-2381",3,0.494,1,1,3,9500,21500,0.0501396422342758,0.779137248599806,0.993501594965014,0.932311692695914,0.688772544623753
"74",112686,"El Camino College-Compton Center","CA",0.3644,0.6356,0.0296,0.3515,0.5303,0.0459,0.0015,0.0067,0.0276,0.583488806,0.0569578758,"Compton","90221-5393",1,0,2,2,2,3873,34900,0.928603017648282,-0.610336167211307,0.941824656143786,0.990360765893954,0.562613068118679
"258",125532,"Carrington College-Sacramento","CA",0.1227,0.8773,0.3726,0.1112,0.2484,0.1011,0.0116,0.0209,0.0513,0.5172798216,0.1471196455,"Sacramento","95826",3,0.6241,2,2,2,12117,31100,0.436590625450007,0.883240984536508,0.999922251967245,0.999966889446375,0.829930187850034
"52",111513,"Career Academy of Beauty","CA",0.0064,0.9936,0.5287,0.0255,0.2994,0.1146,0,0.0127,0,0.5,0.1877729258,"Garden Grove","92845",3,0.5563,1,1,3,6333,25100,0.0333022928366854,0.84836758932963,0.9907916539986,0.99966262212606,0.718031039572744
